cbsaname20,sample_size,avg_rating,job_n_LESS THAN 1 YEAR,job_n_MORE THAN  10 YEARS,job_n_MORE THAN 1 YEAR,job_n_MORE THAN 3 YEARS,job_n_MORE THAN 5 YEARS,job_n_MORE THAN 8 YEARS,job_mean_LESS THAN 1 YEAR,job_mean_MORE THAN  10 YEARS,job_mean_MORE THAN 1 YEAR,job_mean_MORE THAN 3 YEARS,job_mean_MORE THAN 5 YEARS,job_mean_MORE THAN 8 YEARS,biz_n_Catering,biz_n_Hotel,biz_n_Others,biz_n_Restaurant,biz_mean_Catering,biz_mean_Hotel,biz_mean_Others,biz_mean_Restaurant,skill_n_1,skill_n_2,skill_n_3,skill_n_4,skill_mean_1,skill_mean_2,skill_mean_3,skill_mean_4,fohboh_n_BOH,fohboh_n_FOH,fohboh_n_Mix,fohboh_mean_BOH,fohboh_mean_FOH,fohboh_mean_Mix
"Abilene, TX",30,3.766666667,12,,9,5,2,2,3.916666667,,3.777777778,4,2,4,1,4,,25,4,3.75,,3.76,,24,4,2,,3.75,4.5,2.5,7,10,13,4,3.5,3.846153846
"Akron, OH",212,3.438679245,68,9,55,49,22,9,3.441176471,2.444444444,3.672727273,3.285714286,3.409090909,3.888888889,5,14,4,189,4,3.857142857,2.75,3.407407407,7,162,17,26,2.571428571,3.456790123,3.529411765,3.5,44,70,98,3.363636364,3.642857143,3.326530612
"Albany, GA",37,3.864864865,15,2,11,3,5,1,4.2,5,3.545454545,4,3.2,3,3,1,,33,4,2,,3.909090909,5,27,2,3,4.8,3.888888889,2.5,3,13,14,10,4.076923077,4.071428571,3.3
"Albany-Lebanon, OR",5,3,2,,1,,1,1,3,,5,,1,3,,2,,3,,4,,2.333333333,,4,,1,,2.5,,5,3,1,1,3.666666667,3,1
"Albany-Schenectady-Troy, NY",124,3.60483871,44,2,34,27,11,6,3.681818182,3,3.441176471,3.555555556,3.818181818,4,10,20,,94,4.2,4.1,,3.436170213,9,94,8,13,3.777777778,3.521276596,3.75,4,30,49,45,3.8,3.714285714,3.355555556
"Albuquerque, NM",161,3.378881988,51,4,57,29,13,7,3.137254902,4.25,3.473684211,3.551724138,3.153846154,3.571428571,1,23,,137,5,3.782608696,,3.299270073,11,128,11,11,3.181818182,3.234375,3.909090909,4.727272727,34,62,65,3.764705882,3.258064516,3.292307692
"Alexandria, LA",23,3.652173913,11,1,5,5,,1,3.818181818,5,3.8,2.8,,4,1,4,,18,2,4.75,,3.5,2,18,1,2,4.5,3.388888889,4,5,6,10,7,4.5,3.3,3.428571429
"Allentown-Bethlehem-Easton, PA-NJ",138,3.615942029,44,13,40,19,17,5,3.545454545,3.230769231,3.425,4.105263158,4.058823529,3.4,25,11,,102,3.68,3.636363636,,3.598039216,6,97,14,21,3.666666667,3.587628866,3.357142857,3.904761905,39,43,56,3.769230769,3.465116279,3.625
"Altoona, PA",25,3.64,8,1,10,3,2,1,3.375,2,3.9,3.666666667,4.5,3,,4,,21,,4,,3.571428571,2,20,3,,3.5,3.55,4.333333333,,3,15,7,3.333333333,3.733333333,3.571428571
"Amarillo, TX",48,3.8125,18,1,18,6,3,2,3.944444444,3,3.611111111,4.166666667,3,5,3,4,,41,3.333333333,4.5,,3.780487805,6,37,4,1,3.5,3.945945946,3,4,12,14,22,3.75,4.071428571,3.681818182
"Ames, IA",40,3.675,10,,17,12,,1,3.9,,3.588235294,3.666666667,,3,,4,,36,,3.5,,3.694444444,2,32,3,3,3.5,3.6875,3.666666667,3.666666667,6,15,19,3.166666667,3.733333333,3.789473684
"Anchorage, AK",60,3.783333333,23,3,15,9,4,6,3.652173913,4.333333333,3.8,3.333333333,4.25,4.333333333,2,14,,44,4,3.928571429,,3.727272727,5,47,3,5,4.2,3.70212766,3.333333333,4.4,13,21,26,4.230769231,3.571428571,3.730769231
"Ann Arbor, MI",141,3.524822695,48,5,48,28,8,4,3.833333333,3.2,3.270833333,3.321428571,4.125,3.5,2,13,,126,4,3.461538462,,3.523809524,6,95,11,29,3.333333333,3.431578947,3.727272727,3.793103448,54,37,50,3.740740741,3.351351351,3.42
"Anniston-Oxford, AL",30,3.666666667,12,3,8,4,2,1,3.333333333,4.333333333,3.25,4.25,4.5,5,3,,,27,4,,,3.62962963,,24,2,4,,3.5,3.5,4.75,8,5,17,4,5,3.117647059
"Appleton, WI",34,3.529411765,10,,11,7,1,5,2.9,,3.636363636,3.857142857,5,3.8,,5,,29,,3.4,,3.551724138,,25,6,3,,3.48,4,3,7,11,16,2.714285714,3.909090909,3.625
"Asheville, NC",154,3.818181818,42,13,49,26,16,8,3.452380952,4.307692308,3.755102041,3.884615385,4,4.75,14,59,,81,4.285714286,4.118644068,,3.518518519,7,104,18,25,3.142857143,3.788461538,3.777777778,4.16,47,65,42,3.872340426,3.769230769,3.833333333
"Athens-Clarke County, GA",5,2.8,3,,1,,1,,3,,1,,4,,,,,5,,,,2.8,1,2,2,,1,2,4.5,,2,,3,2,,3.333333333
"Atlanta-Sandy Springs-Alpharetta, GA",2674,3.578534031,872,122,849,436,266,129,3.393348624,4.180327869,3.502944641,3.697247706,3.766917293,3.968992248,135,476,21,2042,3.918518519,3.878151261,3.142857143,3.490695397,131,1881,222,440,3.480916031,3.460393408,3.635135135,4.084090909,761,876,1037,3.843626807,3.517123288,3.43587271
"Atlantic City-Hammonton, NJ",51,3.68627451,9,3,18,12,6,3,4,3.333333333,3.555555556,3.666666667,3.833333333,3.666666667,2,23,,26,1.5,4.130434783,,3.461538462,2,43,4,2,2.5,3.744186047,4.25,2.5,14,27,10,3.571428571,4,3
"Auburn-Opelika, AL",65,3.553846154,27,,22,10,5,1,3.851851852,,3.5,3.5,2.2,4,6,9,,50,3.5,4.111111111,,3.46,8,43,8,6,3.875,3.488372093,3.25,4,20,16,29,4.15,3.875,2.965517241
"Augusta-Richmond County, GA-SC",66,3.333333333,21,5,25,11,4,,3.095238095,3.8,3.24,3.636363636,3.75,,1,3,,62,4,3.333333333,,3.322580645,,62,3,1,,3.338709677,3.666666667,2,11,22,33,3.363636364,3.318181818,3.333333333
"Austin-Round Rock-Georgetown, TX",915,3.569398907,329,30,312,135,82,27,3.510638298,4.466666667,3.46474359,3.644444444,3.707317073,3.703703704,28,258,3,626,3.428571429,3.751937984,3.333333333,3.501597444,52,664,89,110,3.538461538,3.509036145,3.606741573,3.918181818,231,376,308,3.662337662,3.57712766,3.49025974
"Bakersfield, CA",100,3.54,33,3,34,16,8,6,3.515151515,2,3.588235294,3.5,4,3.666666667,5,6,,89,3.6,3,,3.573033708,3,84,9,4,3.666666667,3.595238095,3.111111111,3.25,16,32,52,3.625,3.625,3.461538462
"Baltimore-Columbia-Towson, MD",596,3.583892617,195,22,193,118,48,20,3.584615385,4.318181818,3.476683938,3.542372881,3.791666667,3.55,44,99,,453,3.795454545,3.919191919,,3.490066225,37,451,45,63,3.594594595,3.525498891,3.555555556,4.015873016,133,231,232,3.857142857,3.558441558,3.452586207
"Bangor, ME",22,2.909090909,5,,7,7,1,2,2.6,,2.428571429,3.142857143,2,5,1,3,,18,2,3.666666667,,2.833333333,3,14,1,4,3.666666667,2.857142857,3,2.5,7,6,9,3.142857143,2.833333333,2.777777778
"Barnstable Town, MA",6,2.333333333,,,3,3,,,,,2,2.666666667,,,1,1,,4,3,4,,1.75,,4,1,1,,2.5,1,3,2,,4,3.5,,1.75
"Baton Rouge, LA",204,3.568627451,63,3,70,46,14,8,3.492063492,3.666666667,3.371428571,3.608695652,4.5,4,12,27,,165,3.833333333,3.740740741,,3.521212121,8,147,28,21,3,3.517006803,3.535714286,4.19047619,41,72,91,3.756097561,3.347222222,3.659340659
"Battle Creek, MI",11,3.454545455,2,,6,1,2,,3,,3.5,3,4,,,1,,10,,3,,3.5,1,10,,,5,3.3,,,1,3,7,5,3.666666667,3.142857143
"Bay City, MI",12,3.583333333,5,,3,3,1,,3.2,,3.666666667,3.666666667,5,,,1,,11,,1,,3.818181818,1,10,1,,4,3.8,1,,1,6,5,4,3.666666667,3.4
"Beaumont-Port Arthur, TX",82,3.792682927,33,2,17,17,8,5,3.454545455,5,3.941176471,3.941176471,3.75,4.6,2,6,,74,3.5,3.166666667,,3.851351351,4,66,8,4,3.5,3.742424242,4.25,4,14,26,42,3.857142857,3.615384615,3.880952381
"Beckley, WV",20,3.3,7,,8,4,,1,3.285714286,,3.5,2.5,,5,,,,20,,,,3.3,2,18,,,5,3.111111111,,,5,11,4,3,3.727272727,2.5
"Bellingham, WA",46,3.326086957,19,,7,15,4,1,3.421052632,,2.714285714,3.266666667,3.75,5,7,3,,36,3.142857143,3.333333333,,3.361111111,1,40,4,1,1,3.4,3.5,2,9,15,22,2.777777778,3.4,3.5
"Bend, OR",31,3.64516129,13,,15,2,,1,3.769230769,,3.666666667,3,,3,,6,,25,,4,,3.56,2,26,3,,5,3.653846154,2.666666667,,4,10,17,4,3.2,3.823529412
"Billings, MT",29,3.413793103,10,1,12,4,1,1,3,4,3.416666667,4,5,3,1,7,,21,3,3.571428571,,3.380952381,4,19,2,4,2.5,3.368421053,4,4.25,12,6,11,3.583333333,3,3.454545455
"Binghamton, NY",38,3.736842105,14,1,11,6,5,1,3.857142857,5,3.272727273,3.666666667,4,5,10,5,,23,4.1,3.6,,3.608695652,2,28,2,6,4.5,3.428571429,4.5,4.666666667,9,16,13,4.444444444,3.75,3.230769231
"Birmingham-Hoover, AL",312,3.605769231,112,9,96,51,28,16,3.348214286,3.888888889,3.708333333,3.647058824,3.714285714,4.3125,18,38,1,255,4.666666667,3.605263158,5,3.525490196,23,230,27,32,3.260869565,3.539130435,3.703703704,4.25,73,126,113,3.712328767,3.547619048,3.601769912
"Bismarck, ND",15,3.666666667,2,1,10,1,1,,3.5,4,3.7,2,5,,1,3,,11,2,3.666666667,,3.818181818,,8,3,4,,3.5,4,3.75,5,5,5,3.6,4,3.4
"Blacksburg-Christiansburg, VA",58,3.344827586,16,1,25,13,1,2,3.4375,5,3.32,2.923076923,5,4,2,5,,51,3.5,3.8,,3.294117647,3,48,3,4,3.333333333,3.270833333,5,3,11,29,18,3.636363636,3.551724138,2.833333333
"Bloomington, IL",59,3.915254237,16,1,24,9,7,2,3.625,4,3.875,4.555555556,3.714285714,4.5,,3,,56,,4.333333333,,3.892857143,2,51,4,2,3,3.921568627,4.25,4,4,28,27,2.75,4.178571429,3.814814815
"Bloomington, IN",72,3.777777778,32,,25,9,6,,3.8125,,3.88,3.333333333,3.833333333,,1,6,,65,3,3.833333333,,3.784615385,3,63,6,,3.666666667,3.825396825,3.333333333,,4,29,39,4,3.689655172,3.820512821
"Bloomsburg-Berwick, PA",14,3.571428571,4,,4,3,1,2,3.75,,3.75,3,5,3,3,1,,10,3.333333333,3,,3.7,,10,1,3,,3.5,4,3.666666667,5,5,4,3.6,3.2,4
"Boise City, ID",85,3.352941176,33,4,32,6,8,2,3.303030303,2.25,3.34375,3,4.125,4.5,1,8,,76,1,3.375,,3.381578947,3,71,5,6,3,3.422535211,3,3,13,29,43,3.153846154,3.344827586,3.418604651
"Boston-Cambridge-Newton, MA-NH",753,3.613545817,240,35,232,121,85,40,3.583333333,4.085714286,3.564655172,3.454545455,3.752941176,3.85,83,201,2,467,3.481927711,3.915422886,3.5,3.507494647,29,517,62,145,3.827586207,3.553191489,3.516129032,3.827586207,242,241,270,3.727272727,3.676348548,3.455555556
"Boulder, CO",70,3.642857143,24,,27,10,6,3,3.75,,3.37037037,4,3.833333333,3.666666667,3,9,,58,2,4.111111111,,3.655172414,4,59,,7,3.75,3.677966102,,3.285714286,13,26,31,2.846153846,3.846153846,3.806451613
"Bowling Green, KY",69,3.782608696,21,4,22,11,8,3,3.619047619,4.25,4,3.454545455,4,3.333333333,14,5,,50,4.285714286,3.8,,3.64,3,43,10,13,3,3.534883721,4.4,4.307692308,21,21,27,4.142857143,3.714285714,3.555555556
"Bremerton-Silverdale-Port Orchard, WA",38,3.578947368,15,1,17,3,2,,3.666666667,5,3.529411765,3.333333333,3,,1,,,37,5,,,3.540540541,1,32,4,1,3,3.6875,2.5,5,1,10,27,5,3.5,3.555555556
"Brownsville-Harlingen, TX",52,3.730769231,19,,20,9,4,,3.421052632,,4.1,3.888888889,3,,1,5,,46,2,4.2,,3.717391304,3,47,1,1,5,3.659574468,2,5,10,16,26,4,3.9375,3.5
"Brunswick, GA",19,3.684210526,8,2,5,4,,,4.25,3,3.8,2.75,,,3,2,,14,3,5,,3.642857143,,11,3,5,,3.545454545,3.666666667,4,7,3,9,3.428571429,3.666666667,3.888888889
"Buffalo-Cheektowaga, NY",208,3.375,50,9,66,48,27,8,3.28,4.111111111,3.348484848,3.333333333,3.481481481,3.25,34,15,,159,3.852941176,3.466666667,,3.264150943,6,149,23,30,3.666666667,3.288590604,3,4.033333333,56,64,88,3.857142857,3.171875,3.215909091
"Burlington, NC",30,3.433333333,11,,9,5,4,1,3.454545455,,3.555555556,3,4,2,1,3,,26,3,2.666666667,,3.538461538,3,25,1,1,2.666666667,3.44,4,5,7,15,8,3.142857143,3.666666667,3.25
"Burlington-South Burlington, VT",34,3.529411765,17,2,10,2,1,2,3.588235294,4.5,3.1,3.5,3,4.5,3,8,,23,3,4.125,,3.391304348,2,27,4,1,4.5,3.296296296,4.25,5,8,17,9,3.5,3.588235294,3.444444444
"California-Lexington Park, MD",24,3.916666667,8,2,5,5,4,,4.25,5,3.6,3.4,3.75,,,1,1,22,,3,5,3.909090909,2,19,2,1,4,3.842105263,4,5,3,8,13,4.333333333,4.375,3.538461538
"Canton-Massillon, OH",96,3.53125,34,2,30,17,10,3,3.411764706,3.5,3.566666667,3.764705882,3.7,2.666666667,2,8,,86,3.5,3.75,,3.511627907,6,74,10,6,3.666666667,3.472972973,3.6,4,16,27,53,3.75,3.518518519,3.471698113
"Cape Coral-Fort Myers, FL",161,3.552795031,44,7,64,28,13,5,3.5,3.571428571,3.5,3.75,3.538461538,3.6,2,23,,136,5,3.913043478,,3.470588235,8,129,16,8,3.375,3.434108527,4.125,4.5,23,72,66,3.608695652,3.680555556,3.393939394
"Cape Girardeau, MO-IL",30,3.333333333,7,1,15,2,4,1,3.428571429,5,2.933333333,3.5,3.75,5,1,5,,24,2,4,,3.25,5,23,,2,3,3.304347826,,4.5,9,14,7,3,3.5,3.428571429
"Carbondale-Marion, IL",33,3.696969697,8,1,16,6,2,,4.25,3,3.6875,3.5,2.5,,,5,,28,,3.8,,3.678571429,2,25,3,3,4,3.8,3.666666667,2.666666667,9,10,14,3.777777778,3.4,3.857142857
"Carson City, NV",8,3,4,,3,,,1,2,,3.666666667,,,5,,,,8,,,,3,,8,,,,3,,,,4,4,,2.25,3.75
"Casper, WY",12,3.916666667,6,1,3,2,,,3.333333333,5,5,3.5,,,1,1,,10,4,5,,3.8,,8,1,3,,4.375,1,3.666666667,4,4,4,3.75,4,4
"Cedar Rapids, IA",50,3.72,19,1,16,8,4,2,4,3,3.5625,3.625,3.25,4,1,4,,45,5,4,,3.666666667,3,42,3,2,4.333333333,3.714285714,3,4,11,16,23,3.636363636,4.25,3.391304348
"Chambersburg-Waynesboro, PA",15,3.2,5,,4,4,2,,3.8,,3.5,2.75,2,,1,,,14,5,,,3.071428571,,14,1,,,3.357142857,1,,1,4,10,5,3.5,2.9
"Champaign-Urbana, IL",71,3.661971831,27,1,29,11,2,1,3.777777778,5,3.620689655,3.363636364,4,3,1,3,,67,3,5,,3.611940299,3,54,4,10,3.666666667,3.740740741,4.25,3,16,23,32,2.9375,4.173913043,3.65625
"Charleston, WV",61,3.68852459,21,6,14,11,7,2,3.857142857,3.333333333,3.5,4.090909091,3.142857143,4,8,14,,39,4.25,3.785714286,,3.538461538,7,36,5,13,4,3.583333333,4,3.692307692,21,21,19,3.714285714,3.952380952,3.368421053
"Charleston-North Charleston, SC",257,3.680933852,99,6,71,47,25,9,3.646464646,4.166666667,3.366197183,3.936170213,4.08,3.777777778,15,69,,173,3.466666667,4,,3.572254335,14,189,22,32,3.714285714,3.656084656,3.5,3.9375,71,85,101,3.929577465,3.388235294,3.752475248
"Charlotte-Concord-Gastonia, NC-SC",1019,3.566241413,331,43,326,182,93,44,3.50755287,4.069767442,3.515337423,3.516483516,3.655913978,3.909090909,57,154,,808,3.666666667,3.75974026,,3.522277228,41,721,93,164,3.56097561,3.459084605,3.612903226,4.012195122,297,350,372,3.777777778,3.448571429,3.508064516
"Charlottesville, VA",71,3.732394366,20,8,21,15,5,2,3.7,4.5,3.523809524,3.866666667,3.6,2.5,19,13,,39,3.842105263,4.307692308,,3.487179487,3,45,8,15,4.333333333,3.444444444,3.625,4.533333333,27,17,27,4.333333333,3.470588235,3.296296296
"Chattanooga, TN-GA",136,3.544117647,50,5,35,24,14,8,3.44,4.6,3.828571429,3.333333333,3.142857143,3.625,9,12,,115,3.333333333,3.833333333,,3.530434783,7,111,9,9,3.571428571,3.486486486,3.444444444,4.333333333,29,53,54,3.655172414,3.547169811,3.481481481
"Cheyenne, WY",13,3.076923077,6,,4,1,1,1,3.333333333,,2.5,5,4,1,,2,,11,,3.5,,3,1,11,1,,2,3.363636364,1,,1,2,10,2,5,2.8
"Chicago-Naperville-Elgin, IL-IN-WI",2598,3.621632025,757,122,834,470,280,135,3.582562748,3.991803279,3.582733813,3.653191489,3.546428571,3.792592593,174,429,3,1992,3.477011494,4.090909091,4.333333333,3.532128514,141,1807,241,409,3.687943262,3.560597676,3.539419087,3.916870416,719,767,1112,3.802503477,3.658409387,3.479316547
"Chico, CA",40,3.575,11,1,15,10,2,1,3.727272727,1,3.666666667,3.6,3.5,3,1,5,,34,1,2.8,,3.764705882,1,34,4,1,3,3.676470588,2.5,5,5,12,23,3.2,3.333333333,3.782608696
"Cincinnati, OH-KY-IN",616,3.474025974,205,19,200,113,53,26,3.297560976,3.842105263,3.535,3.601769912,3.566037736,3.384615385,13,91,,512,3,3.549450549,,3.47265625,36,484,43,53,3.416666667,3.450413223,3.441860465,3.754716981,119,238,259,3.605042017,3.487394958,3.401544402
"Clarksville, TN-KY",67,3.776119403,29,1,23,8,4,2,3.655172414,1,3.869565217,4,4.5,3.5,,4,,63,,4.5,,3.73015873,4,56,5,2,4.25,3.803571429,3,4,10,27,30,3.6,3.777777778,3.833333333
"Cleveland, TN",31,3.709677419,12,1,5,9,4,,3.583333333,3,3,4.222222222,4,,8,2,,21,3.875,4.5,,3.571428571,4,25,1,1,3.5,3.72,3,5,6,15,10,4,4.066666667,3
"Cleveland-Elyria, OH",579,3.480138169,169,26,181,116,53,34,3.272189349,3.730769231,3.464088398,3.517241379,3.679245283,3.970588235,43,82,1,453,3.720930233,3.707317073,3,3.417218543,58,421,54,46,3.431034483,3.42280285,3.62962963,3.891304348,153,168,258,3.437908497,3.517857143,3.480620155
"Coeur dAlene, ID",11,3.727272727,4,2,2,1,2,,3.25,4,3.5,3,5,,,2,,9,,3.5,,3.777777778,2,8,1,,4,3.625,4,,2,2,7,4,3,3.857142857
"College Station-Bryan, TX",125,3.712,55,2,43,18,7,,3.963636364,3,3.674418605,3.166666667,3.571428571,,1,16,,108,4,3.75,,3.703703704,8,108,4,5,3.75,3.740740741,3.25,3.4,24,55,46,3.375,3.836363636,3.739130435
"Colorado Springs, CO",213,3.469483568,74,2,79,30,21,7,3.364864865,4,3.455696203,3.866666667,3.380952381,3.142857143,8,32,,173,3.625,3.9375,,3.375722543,12,172,16,13,3.25,3.453488372,3.3125,4.076923077,41,80,92,3.658536585,3.65,3.22826087
"Columbia, MO",88,3.602272727,26,2,34,18,7,1,3.615384615,3.5,3.588235294,3.833333333,3,4,,11,,77,,3.454545455,,3.623376623,2,79,2,5,3,3.620253165,3,3.8,13,45,30,3.461538462,3.8,3.366666667
"Columbia, SC",258,3.550387597,96,10,86,34,24,8,3.489583333,3.5,3.465116279,3.764705882,3.708333333,3.875,9,20,,229,3.444444444,4,,3.515283843,14,207,23,14,4.142857143,3.497584541,3.739130435,3.428571429,54,91,113,3.518518519,3.714285714,3.433628319
"Columbus, GA-AL",99,3.484848485,40,3,28,11,15,2,3.175,4.333333333,3.571428571,3.545454545,3.8,4.5,8,2,,89,4.375,3.5,,3.404494382,7,81,4,7,3.142857143,3.444444444,4.25,3.857142857,23,34,42,3.47826087,3.441176471,3.523809524
"Columbus, IN",25,4,11,,8,4,2,,4.454545455,,3.5,3.75,4,,,,,25,,,,4,1,20,2,2,5,4.15,2.5,3.5,4,6,15,4.25,4,3.933333333
"Columbus, OH",774,3.527131783,237,23,277,135,76,26,3.510548523,3.782608696,3.512635379,3.651851852,3.447368421,3.192307692,25,93,,656,3.12,4.053763441,,3.467987805,35,577,84,78,3.742857143,3.464471404,3.547619048,3.871794872,183,230,361,3.74863388,3.52173913,3.418282548
"Corpus Christi, TX",118,3.779661017,47,4,38,13,11,5,3.70212766,4.75,3.684210526,3.923076923,3.818181818,4,2,30,,86,2,4.466666667,,3.581395349,14,83,7,14,4.214285714,3.518072289,4,4.785714286,38,41,39,4.210526316,3.56097561,3.58974359
"Corvallis, OR",29,3.310344828,10,1,10,5,3,,3.2,4,3.4,3.8,2.333333333,,,3,,26,,3.333333333,,3.307692308,1,25,2,1,4,3.24,3.5,4,3,9,17,3.666666667,2.666666667,3.588235294
"Crestview-Fort Walton Beach-Destin, FL",75,3.773333333,27,3,26,12,5,2,3.925925926,4.666666667,3.538461538,3.5,3.8,5,2,15,,58,5,4.266666667,,3.603448276,4,60,3,8,3,3.733333333,4.333333333,4.25,21,23,31,3.904761905,4.086956522,3.451612903
"Cumberland, MD-WV",30,3.9,9,3,7,5,4,2,4.222222222,4.333333333,3.285714286,4.2,3.75,3.5,1,1,,28,4,5,,3.857142857,3,24,2,1,4,3.833333333,4,5,6,11,13,4.166666667,4.272727273,3.461538462
"Dallas-Fort Worth-Arlington, TX",3044,3.707950066,1032,106,990,528,271,117,3.649224806,4.094339623,3.67979798,3.651515152,3.904059041,3.914529915,113,771,28,2132,3.619469027,4.08690013,3.214285714,3.582082552,109,2136,266,533,3.733944954,3.603464419,3.601503759,4.174484053,935,1012,1097,3.957219251,3.636363636,3.561531449
"Dalton, GA",40,3.7,10,2,14,10,3,1,3.3,4.5,3.428571429,3.8,5,5,,1,,39,,3,,3.717948718,1,35,3,1,3,3.628571429,4.333333333,5,6,14,20,4,3.714285714,3.6
"Danville, IL",5,3,4,,1,,,,3,,3,,,,,,,5,,,,3,,5,,,,3,,,,2,3,,2,3.666666667
"Daphne-Fairhope-Foley, AL",50,3.78,21,4,17,6,1,1,3.952380952,4,3.647058824,3.833333333,3,2,3,6,,41,4.666666667,4.166666667,,3.658536585,3,35,5,7,4.666666667,3.571428571,4.2,4.142857143,13,15,22,4.230769231,4.2,3.227272727
"Davenport-Moline-Rock Island, IA-IL",72,3.527777778,18,5,26,14,6,3,3.166666667,3.2,3.884615385,3.642857143,3.333333333,3,1,6,,65,3,4.666666667,,3.430769231,3,60,4,5,4.666666667,3.45,3.75,3.6,12,24,36,3.5,3.666666667,3.444444444
"Decatur, AL",28,3.357142857,12,2,6,6,2,,3.416666667,4,2.666666667,3.666666667,3.5,,,1,,27,,2,,3.407407407,,26,1,1,,3.423076923,2,3,2,16,10,4,3.6875,2.7
"Decatur, IL",18,3.666666667,7,1,4,4,2,,4,5,3,3.25,4,,1,2,,15,5,4.5,,3.466666667,,14,1,3,,3.571428571,4,4,3,9,6,4,3.666666667,3.5
"Deltona-Daytona Beach-Ormond Beach, FL",169,3.449704142,68,6,57,25,9,4,3.661764706,3.666666667,3.456140351,3.16,2.888888889,2.5,7,16,,146,3,4.3125,,3.376712329,12,144,6,7,2.833333333,3.416666667,4.666666667,4.142857143,33,63,73,3.454545455,3.333333333,3.547945205
"Denver-Aurora-Lakewood, CO",913,3.633077766,266,43,302,174,91,37,3.515037594,4.069767442,3.539735099,3.672413793,3.725274725,4.324324324,41,260,,612,2.780487805,4.007692308,,3.531045752,37,637,87,152,3.324324324,3.497645212,3.563218391,4.315789474,264,313,336,3.946969697,3.546325879,3.467261905
"Des Moines-West Des Moines, IA",126,3.785714286,54,4,37,15,14,2,3.481481481,4.25,3.783783784,4.066666667,4.428571429,4.5,3,14,,109,4.333333333,4.142857143,,3.724770642,10,92,10,14,3.4,3.706521739,4.2,4.285714286,27,32,67,4.148148148,3.8125,3.626865672
"Detroit-Warren-Dearborn, MI",800,3.4825,252,40,247,140,83,38,3.277777778,3.3,3.534412955,3.542857143,3.843373494,3.684210526,56,84,3,657,3.892857143,3.583333333,3,3.436834094,63,599,74,64,3.206349206,3.47245409,3.459459459,3.875,184,244,372,3.5,3.651639344,3.362903226
"Dothan, AL",29,3.586206897,13,,7,4,3,2,3.384615385,,3.285714286,4.25,4.333333333,3.5,,2,,27,,5,,3.481481481,2,21,3,3,5,3.333333333,4,4,9,7,13,4.222222222,2.714285714,3.615384615
"Dover, DE",37,3.378378378,13,2,15,3,2,2,3.538461538,3.5,3.2,4,3,3,3,2,,32,2,3.5,,3.5,2,29,4,2,2.5,3.413793103,3.75,3,7,10,20,2.857142857,3.4,3.55
"Dubuque, IA",18,3.888888889,6,,6,4,1,1,3.833333333,,3.5,4.25,4,5,,2,,16,,3.5,,3.9375,,18,,,,3.888888889,,,2,12,4,3,4.25,3.25
"Duluth, MN-WI",46,3.739130435,11,1,17,8,8,1,3.727272727,4,3.941176471,3.75,3.125,5,1,8,,37,3,4,,3.702702703,2,42,,2,4,3.69047619,,4.5,11,14,21,3.909090909,3.857142857,3.571428571
"Durham-Chapel Hill, NC",143,3.517482517,52,4,47,23,10,7,3.365384615,3.5,3.468085106,3.826086957,3.2,4.428571429,13,16,1,113,3.846153846,4.0625,2,3.415929204,9,113,7,14,3.888888889,3.433628319,3.571428571,3.928571429,35,47,61,3.714285714,3.382978723,3.508196721
"East Stroudsburg, PA",32,3.5625,10,2,8,7,2,3,3.8,2,3.125,3.857142857,3,4.666666667,2,10,,20,4,3.2,,3.7,3,22,3,4,3,3.727272727,3.666666667,3,10,7,15,3,4,3.733333333
"Eau Claire, WI",47,3.553191489,16,1,10,15,4,1,3.4375,1,3.5,4.066666667,3.5,1,4,1,,42,2.5,3,,3.666666667,2,40,3,2,4,3.625,3,2.5,8,18,21,3.375,3.833333333,3.380952381
"El Centro, CA",13,4,3,,5,4,1,,4.333333333,,4.2,3.75,3,,,2,,11,,4.5,,3.909090909,,13,,,,4,,,,8,5,,4.125,3.8
"El Paso, TX",177,3.638418079,66,3,59,25,19,5,3.5,4.333333333,3.627118644,3.64,4.157894737,3.2,4,12,,161,3.25,3.916666667,,3.627329193,10,139,15,13,3.8,3.589928058,3.533333333,4.153846154,33,53,91,3.757575758,3.679245283,3.571428571
"Elizabethtown-Fort Knox, KY",28,3.714285714,8,1,13,1,5,,4.125,4,3.461538462,4,3.6,,2,2,,24,5,4.5,,3.541666667,,21,7,,,3.714285714,3.714285714,,3,7,18,4,4.142857143,3.5
"Elkhart-Goshen, IN",25,3.8,12,2,6,2,2,1,4.083333333,4.5,3.166666667,4.5,3,3,1,1,,23,5,5,,3.695652174,1,22,,2,4,3.681818182,,5,4,13,8,4.75,3.461538462,3.875
"Elmira, NY",14,4.071428571,5,1,5,1,1,1,4.4,5,3.8,4,4,3,,3,,11,,4.666666667,,3.909090909,,13,1,,,4.076923077,4,,3,7,4,4.666666667,4.142857143,3.5
"Erie, PA",56,3.446428571,19,5,17,8,4,3,3.315789474,2.8,3.647058824,3.25,4.25,3.666666667,2,5,,49,3,3.4,,3.469387755,,46,6,4,,3.5,3.833333333,2.25,10,17,29,3.5,3.470588235,3.413793103
"Eugene-Springfield, OR",64,3.578125,18,1,25,12,7,1,4.388888889,2,3.24,3.416666667,3.285714286,3,2,10,,52,3,4.4,,3.442307692,5,47,6,6,3.8,3.382978723,4.333333333,4.166666667,17,16,31,3.470588235,4.125,3.35483871
"Evansville, IN-KY",85,3.470588235,28,2,27,17,8,3,3.357142857,3,3.666666667,3.352941176,3.375,4,6,9,,70,3.666666667,3.777777778,,3.414285714,3,70,7,5,4.666666667,3.428571429,3.285714286,3.6,16,32,37,3.4375,3.71875,3.27027027
"Fairbanks, AK",11,3.545454545,5,1,5,,,,4.2,5,2.6,,,,,2,,9,,4.5,,3.333333333,2,9,,,5,3.222222222,,,3,2,6,5,2.5,3.166666667
"Fargo, ND-MN",71,3.647887324,25,3,25,12,5,1,3.76,3.333333333,3.68,3.416666667,3.6,4,4,12,,55,2.5,3.5,,3.763636364,3,59,4,5,4.666666667,3.474576271,4.5,4.4,9,29,33,4.222222222,3.655172414,3.484848485
"Farmington, NM",12,3.916666667,2,,6,3,,1,3,,4.166666667,3.666666667,,5,1,,,11,1,,,4.181818182,,9,2,1,,4,5,1,1,4,7,1,4.75,3.857142857
"Fayetteville, NC",125,3.232,50,4,28,25,15,3,3.34,2.75,3.321428571,3.24,2.866666667,3,5,16,,104,3.6,3,,3.25,6,98,9,12,3.5,3.204081633,3.666666667,3,28,46,51,3.214285714,3.065217391,3.392156863
"Fayetteville-Springdale-Rogers, AR",155,3.851612903,64,5,51,21,13,1,3.734375,4.8,3.764705882,3.904761905,4.384615385,3,6,25,,124,4.666666667,4.32,,3.717741935,7,116,9,23,4.428571429,3.655172414,4.555555556,4.391304348,39,52,64,4.076923077,3.576923077,3.9375
"Flagstaff, AZ",65,3.430769231,33,1,17,8,5,1,3.363636364,4,3.352941176,3.5,3.8,4,8,25,,32,3.125,3.2,,3.6875,4,55,5,1,2.75,3.545454545,2.6,4,15,31,19,3.2,3.612903226,3.315789474
"Flint, MI",63,3.380952381,30,3,17,8,2,3,3,5,3.705882353,3.125,2.5,5,4,6,,53,4,3.5,,3.320754717,4,47,7,5,3.25,3.255319149,4.428571429,3.2,16,11,36,2.9375,4,3.388888889
"Florence, SC",37,3.972972973,8,2,12,8,5,2,4.375,5,3.25,4.125,4.6,3.5,6,5,,26,4.166666667,3.4,,4.038461538,2,25,2,8,4.5,3.88,4.5,4,14,10,13,4.214285714,3.3,4.230769231
"Florence-Muscle Shoals, AL",30,3.466666667,16,,9,2,3,,3.3125,,3.666666667,3.5,3.666666667,,,6,,24,,3.333333333,,3.5,2,26,,2,3.5,3.615384615,,1.5,8,12,10,3.125,3.75,3.4
"Fond du Lac, WI",16,3.5,1,,6,7,1,1,4,,2.833333333,3.857142857,4,4,3,,,13,4,,,3.384615385,,15,,1,,3.466666667,,4,6,2,8,3.833333333,4.5,3
"Fort Collins, CO",105,3.60952381,41,2,39,17,2,4,3.585365854,4.5,3.538461538,3.647058824,2.5,4.5,3,16,,86,4,3.5625,,3.604651163,7,87,5,6,3.857142857,3.494252874,4.4,4.333333333,21,42,42,3.904761905,3.357142857,3.714285714
"Fort Smith, AR-OK",43,3.88372093,15,,17,5,4,2,3.466666667,,4.117647059,4,4,4.5,8,2,,33,4.75,2,,3.787878788,1,31,5,6,2,3.774193548,3.6,5,9,15,19,4.444444444,3.8,3.684210526
"Fort Wayne, IN",133,3.533834586,43,3,38,28,13,8,3.558139535,3.333333333,3.710526316,3.535714286,3.384615385,2.875,11,23,,99,3.181818182,4.086956522,,3.444444444,11,93,16,13,4.454545455,3.311827957,3.9375,3.846153846,35,41,57,3.857142857,3.463414634,3.385964912
"Fresno, CA",167,3.461077844,62,6,54,25,14,6,3.64516129,3.333333333,3.259259259,3.4,3.357142857,4,15,6,,146,3.266666667,3.833333333,,3.465753425,16,125,14,12,4.1875,3.32,3.428571429,4,38,53,76,3.947368421,3.509433962,3.184210526
"Gadsden, AL",16,3.5,4,,9,3,,,3,,3.333333333,4.666666667,,,1,1,,14,4,5,,3.357142857,,12,2,2,,3.333333333,3,5,3,6,7,3.666666667,3.833333333,3.142857143
"Gainesville, FL",117,3.735042735,51,4,36,17,9,,3.823529412,4.5,3.527777778,3.705882353,3.777777778,,12,13,,92,3.333333333,3.846153846,,3.77173913,5,103,2,7,3.6,3.718446602,3,4.285714286,22,44,51,3.954545455,3.636363636,3.725490196
"Gainesville, GA",33,3.363636364,12,,7,6,6,2,2.833333333,,2.714285714,4.5,3.833333333,4,1,3,,29,2,3.333333333,,3.413793103,1,26,4,2,3,3.615384615,2,3,4,16,13,3.5,3.5,3.153846154
"Gettysburg, PA",8,3.375,1,1,4,1,1,,3,4,4,1,3,,,2,,6,,3.5,,3.333333333,1,6,1,,1,3.833333333,3,,2,3,3,2,4,3.666666667
"Glens Falls, NY",7,3.142857143,3,,3,,1,,3.333333333,,2.666666667,,4,,,1,,6,,3,,3.166666667,,6,1,,,3,4,,,1,6,,3,3.166666667
"Goldsboro, NC",23,3.434782609,6,,6,8,2,1,2.833333333,,3.333333333,3.625,4,5,,1,,22,,5,,3.363636364,2,20,,1,3,3.4,,5,4,8,11,3.5,3.75,3.181818182
"Grand Forks, ND-MN",19,4.105263158,5,1,7,4,2,,4,5,4.285714286,4,3.5,,,3,,16,,4.666666667,,4,3,14,2,,4.333333333,4,4.5,,5,6,8,4,4.5,3.875
"Grand Island, NE",11,3.909090909,4,,2,5,,,2.75,,4.5,4.6,,,,,,11,,,,3.909090909,,7,4,,,3.714285714,4.25,,3,4,4,3.333333333,4.25,4
"Grand Junction, CO",21,3.904761905,8,1,3,4,4,1,4.125,4,4,3.5,3.75,4,3,3,,15,3,4.333333333,,4,1,18,2,,5,3.833333333,4,,7,6,8,3.571428571,4.333333333,3.875
"Grand Rapids-Kentwood, MI",233,3.532188841,73,10,86,37,19,8,3.493150685,4,3.558139535,3.72972973,3,3.375,7,23,,203,3,3.347826087,,3.571428571,20,172,21,20,3.55,3.546511628,3.095238095,3.85,46,74,113,3.760869565,3.567567568,3.415929204
"Grants Pass, OR",12,3.75,4,,1,5,1,1,2.75,,4,4.4,3,5,,,,12,,,,3.75,,8,1,3,,3.125,5,5,4,1,7,4.25,5,3.285714286
"Great Falls, MT",10,3.7,3,1,4,1,,1,4,4,3.5,4,,3,1,2,,7,2,5,,3.571428571,1,5,1,3,2,3.4,4,4.666666667,4,2,4,4,3,3.75
"Greeley, CO",41,3.731707317,13,1,15,7,4,1,3.461538462,4,3.866666667,3.714285714,3.75,5,,3,,38,,4,,3.710526316,,36,4,1,,3.694444444,4,4,6,12,23,3.833333333,3.916666667,3.608695652
"Green Bay, WI",60,3.45,23,3,20,11,3,,3.826086957,3,3.25,3.090909091,3.666666667,,5,6,,49,3,3.5,,3.489795918,9,42,5,4,3.111111111,3.476190476,3.6,3.75,22,14,24,3.272727273,3.928571429,3.333333333
"Greensboro-High Point, NC",206,3.334951456,73,8,70,33,13,9,3.465753425,3.75,3.328571429,3.060606061,3,3.444444444,11,11,,184,3.090909091,3.454545455,,3.342391304,17,163,18,8,2.764705882,3.435582822,3.111111111,3,42,63,101,2.976190476,3.428571429,3.425742574
"Greenville, NC",73,3.657534247,19,1,20,21,9,3,3.894736842,4,3.3,3.523809524,4,4.333333333,7,5,,61,4,3.4,,3.639344262,4,64,2,3,4,3.59375,5,3.666666667,12,37,24,3.916666667,3.675675676,3.5
"Greenville-Anderson, SC",257,3.536964981,78,9,86,56,17,11,3.5,4.111111111,3.302325581,3.714285714,3.941176471,3.636363636,18,22,,217,3.277777778,3.5,,3.562211982,20,186,27,24,3.5,3.559139785,3.407407407,3.541666667,61,90,106,3.590163934,3.511111111,3.528301887
"Gulfport-Biloxi, MS",115,3.713043478,35,9,33,16,15,7,3.685714286,4.333333333,3.545454545,4.0625,3.466666667,3.571428571,15,24,,76,4.6,3.75,,3.526315789,6,84,7,18,3.666666667,3.630952381,4.142857143,3.944444444,39,31,45,3.897435897,3.709677419,3.555555556
"Hagerstown-Martinsburg, MD-WV",39,3.282051282,12,2,17,5,3,,3,3.5,3.294117647,3.2,4.333333333,,,3,,36,,3,,3.305555556,5,29,3,2,3.4,3.310344828,3.333333333,2.5,9,15,15,3.222222222,3,3.6
"Hammond, LA",20,4.1,7,,6,3,3,1,3.857142857,,4.166666667,5,3.666666667,4,,,,20,,,,4.1,,17,2,1,,4.117647059,4.5,3,2,4,14,3.5,4.25,4.142857143
"Hanford-Corcoran, CA",11,3.818181818,4,1,4,2,,,4.25,5,3.75,2.5,,,,,,11,,,,3.818181818,,11,,,,3.818181818,,,1,2,8,2,4,4
"Harrisburg-Carlisle, PA",132,3.363636364,38,4,40,28,15,7,3.289473684,3.25,3.275,3.357142857,3.533333333,4,14,17,,101,3.571428571,3.117647059,,3.376237624,9,99,10,14,2.888888889,3.343434343,3.6,3.642857143,34,49,49,3.5,3.530612245,3.102040816
"Harrisonburg, VA",47,3.829787234,22,,13,10,2,,3.636363636,,3.692307692,4.4,4,,6,8,,33,3.666666667,3.75,,3.878787879,3,40,2,2,3,3.95,1.5,5,7,23,17,3.857142857,3.782608696,3.882352941
"Hattiesburg, MS",54,3.685185185,23,1,15,13,1,1,3.826086957,5,3.4,3.692307692,4,3,3,4,,47,4.666666667,4.25,,3.574468085,3,43,6,2,3.666666667,3.604651163,4.5,3,9,28,17,3.555555556,3.642857143,3.823529412
"Hickory-Lenoir-Morganton, NC",75,3.573333333,26,8,21,11,8,1,3.692307692,4,3.380952381,3,4,4,7,3,,65,4.142857143,3,,3.538461538,5,57,5,8,2.6,3.50877193,4.8,3.875,20,27,28,3.65,3.703703704,3.392857143
"Hilton Head Island-Bluffton, SC",57,4.105263158,21,5,14,7,6,4,3.666666667,4.6,4.214285714,4,4.5,5,2,35,1,19,5,4.314285714,5,3.578947368,3,37,5,12,5,3.918918919,3.8,4.583333333,25,23,9,4.56,3.782608696,3.666666667
"Hinesville, GA",15,3.866666667,5,,9,,,1,4.4,,3.666666667,,,3,,1,,14,,3,,3.928571429,3,11,1,,3.333333333,4.090909091,3,,6,6,3,3.333333333,4.166666667,4.333333333
"Homosassa Springs, FL",18,3,6,1,8,2,1,,3.166666667,2,3.125,2.5,3,,1,1,,16,1,3,,3.125,1,15,2,,3,3.2,1.5,,5,3,10,2.6,3.333333333,3.1
"Hot Springs, AR",19,3.631578947,10,1,4,3,1,,3.5,4,4.25,2.666666667,5,,,3,,16,,4,,3.5625,3,12,1,3,3.666666667,3.916666667,2,3,6,6,7,3.333333333,3.833333333,3.714285714
"Houma-Thibodaux, LA",34,3.558823529,16,3,12,2,1,,3.6875,3.666666667,3.583333333,2,4,,9,,,25,4.111111111,,,3.36,2,25,2,5,4,3.28,4.5,4.4,13,5,16,3.846153846,4.2,3.125
"Houston-The Woodlands-Sugar Land, TX",2027,3.581647755,726,54,682,311,174,80,3.484848485,3.925925926,3.538123167,3.68488746,3.83908046,3.6375,95,249,9,1674,3.673684211,3.863453815,3.111111111,3.537037037,89,1558,182,198,3.685393258,3.541720154,3.582417582,3.848484848,424,714,889,3.719339623,3.572829132,3.523059618
"Huntington-Ashland, WV-KY-OH",70,3.742857143,20,3,24,15,7,1,3.65,5,3.458333333,3.866666667,4,5,7,5,,58,3.142857143,4.2,,3.775862069,5,51,8,6,4,3.588235294,4.375,4,15,25,30,3.933333333,4.04,3.4
"Huntsville, AL",152,3.631578947,63,6,47,21,9,6,3.492063492,3.833333333,3.70212766,3.857142857,3.555555556,3.666666667,8,16,,128,3.625,3.6875,,3.625,6,118,16,12,3.5,3.618644068,4,3.333333333,29,54,69,3.517241379,3.722222222,3.608695652
"Idaho Falls, ID",34,3.411764706,11,,17,3,3,,2.909090909,,3.529411765,3.666666667,4.333333333,,,6,,28,,2.666666667,,3.571428571,2,27,3,2,2.5,3.481481481,3,4,10,12,12,4,2.583333333,3.75
"Indianapolis-Carmel-Anderson, IN",250,3.544,82,10,96,35,23,4,3.573170732,4.2,3.416666667,3.571428571,3.608695652,3.75,2,17,,231,4,3.411764706,,3.54978355,18,204,18,10,3.944444444,3.519607843,3.666666667,3.1,42,113,95,3.619047619,3.548672566,3.505263158
"Iowa City, IA",44,3.636363636,16,2,15,5,4,2,3.5625,3.5,3.866666667,3.2,3.5,4,1,5,,38,3,4,,3.605263158,,38,3,3,,3.657894737,3.333333333,3.666666667,6,21,17,3.5,3.666666667,3.647058824
"Ithaca, NY",14,3.5,5,,6,1,,2,3.4,,3.666666667,4,,3,1,3,,10,5,3,,3.5,4,9,1,,2.75,3.666666667,5,,4,6,4,2.75,3.666666667,4
"Jackson, MI",20,3.3,11,,4,4,,1,3.272727273,,3,3.25,,5,,,,20,,,,3.3,1,18,1,,4,3.166666667,5,,5,6,9,3.4,3,3.444444444
"Jackson, MS",153,3.614379085,57,3,44,30,14,5,3.596491228,5,3.590909091,3.533333333,3.428571429,4.2,14,22,,117,3.857142857,3.954545455,,3.521367521,9,113,11,20,3.222222222,3.530973451,3.545454545,4.3,39,60,54,3.692307692,3.683333333,3.481481481
"Jackson, TN",33,3.757575758,14,3,7,4,2,3,3.5,4.666666667,3.857142857,3.75,4.5,3.333333333,3,2,,28,4.666666667,4,,3.642857143,3,23,4,3,4.333333333,3.52173913,4.5,4,9,14,10,4.444444444,3.5,3.5
"Jacksonville, FL",580,3.605172414,168,32,183,111,65,21,3.726190476,3.75,3.486338798,3.54954955,3.661538462,3.571428571,35,71,3,471,3.628571429,3.943661972,1.666666667,3.564755839,27,425,68,60,3.444444444,3.611764706,3.529411765,3.716666667,145,192,243,3.710344828,3.703125,3.465020576
"Jacksonville, NC",60,3.583333333,26,1,22,6,4,1,3.192307692,4,3.727272727,4,4.75,3,1,14,,45,5,4.214285714,,3.355555556,7,45,4,4,4.285714286,3.4,4,4,13,25,22,4.153846154,3.4,3.454545455
"Janesville-Beloit, WI",28,3.357142857,7,,9,5,7,,2.714285714,,3.111111111,4.2,3.714285714,,1,1,,26,5,2,,3.346153846,,23,3,2,,3.347826087,2.666666667,4.5,6,13,9,3.666666667,3.461538462,3
"Jefferson City, MO",14,3.857142857,9,,4,,1,,4,,3.25,,5,,,1,,13,,3,,3.923076923,5,8,1,,4,3.875,3,,5,2,7,4,4,3.714285714
"Johnson City, TN",75,3.906666667,21,4,25,16,7,2,4.19047619,4.25,3.32,4.3125,3.714285714,5,6,7,,62,4.5,4,,3.838709677,8,57,4,6,4.25,3.807017544,4.25,4.166666667,14,32,29,4.214285714,3.6875,4
"Johnstown, PA",9,4.333333333,4,,3,1,,1,4.5,,4.333333333,3,,5,,1,,8,,5,,4.25,,7,1,1,,4.142857143,5,5,2,1,6,4.5,5,4.166666667
"Jonesboro, AR",43,3.790697674,14,5,17,5,2,,4.142857143,3.8,3.470588235,3.6,4.5,,5,5,,33,4,3.6,,3.787878788,4,32,2,5,4.25,3.78125,3,3.8,14,14,15,4.142857143,3.5,3.733333333
"Joplin, MO",39,3.666666667,12,,13,7,3,4,3.083333333,,4,3.857142857,4.666666667,3.25,,3,,36,,3,,3.722222222,2,29,6,2,3,3.655172414,3.666666667,4.5,7,14,18,3.428571429,3.714285714,3.722222222
"Kahului-Wailuku-Lahaina, HI",31,3.870967742,5,7,6,7,3,3,3.4,4.714285714,3.166666667,4,3.666666667,4,,27,,4,,3.925925926,,3.5,,18,1,12,,3.5,5,4.333333333,12,16,3,4.5,3.4375,3.666666667
"Kalamazoo-Portage, MI",86,3.581395349,20,1,41,16,6,2,3.9,5,3.536585366,3.25,3.666666667,3,2,9,,75,2.5,4.555555556,,3.493333333,4,72,7,3,4.75,3.472222222,3.714285714,4.333333333,19,30,37,3.736842105,3.966666667,3.189189189
"Kankakee, IL",27,3.962962963,10,4,8,3,1,1,3.9,4.5,3.375,4.333333333,5,5,3,2,,22,4.333333333,4.5,,3.863636364,3,20,2,2,3.666666667,3.95,4,4.5,7,11,9,4.428571429,4,3.555555556
"Kansas City, MO-KS",688,3.523255814,214,33,219,130,63,29,3.46728972,3.848484848,3.488584475,3.430769231,3.714285714,3.827586207,45,79,,564,4.244444444,3.594936709,,3.455673759,43,491,82,72,3.697674419,3.462321792,3.512195122,3.847222222,157,209,322,3.789808917,3.497607656,3.409937888
"Kennewick-Richland, WA",27,3.777777778,8,1,12,2,4,,3.625,4,3.75,2.5,4.75,,1,,,26,5,,,3.730769231,2,20,3,2,3.5,3.65,4.333333333,4.5,7,7,13,3.714285714,3.285714286,4.076923077
"Killeen-Temple, TX",91,3.362637363,39,1,26,17,6,2,3.282051282,4,3.230769231,3.411764706,4,4,8,5,,78,2.875,3.4,,3.41025641,10,73,3,5,3.1,3.328767123,4.666666667,3.6,24,30,37,3.125,3.466666667,3.432432432
"Kingsport-Bristol, TN-VA",80,3.5375,29,4,13,21,10,3,3.379310345,4.25,3.538461538,3.761904762,3.2,3.666666667,11,9,,60,4.272727273,3.555555556,,3.4,8,59,8,5,3,3.491525424,3.875,4.4,17,29,34,3.588235294,3.310344828,3.705882353
"Kingston, NY",18,3.555555556,9,,7,,1,1,3.444444444,,3.714285714,,3,4,2,3,,13,4.5,4,,3.307692308,,15,1,2,,3.4,5,4,3,4,11,3.333333333,3.5,3.636363636
"Knoxville, TN",349,3.681948424,84,16,122,68,41,18,3.535714286,4.3125,3.606557377,3.705882353,3.780487805,4,48,37,,264,4.083333333,3.945945946,,3.571969697,14,250,27,58,3.857142857,3.548,3.814814815,4.155172414,99,113,137,4,3.601769912,3.518248175
"Kokomo, IN",29,3.517241379,11,,10,4,4,,3.363636364,,3.6,4.25,3,,,2,,27,,3,,3.555555556,5,22,2,,3.4,3.409090909,5,,5,16,8,3.4,3.625,3.375
"La Crosse-Onalaska, WI-MN",30,3.433333333,13,,8,7,2,,3.153846154,,4.125,3.142857143,3.5,,3,4,,23,2.666666667,4.25,,3.391304348,4,26,,,4,3.346153846,,,5,13,12,3.8,3.307692308,3.416666667
"Lafayette, LA",89,3.584269663,24,2,31,19,9,4,3.916666667,4.5,3.387096774,3.210526316,3.888888889,3.75,3,13,,73,2.333333333,4.076923077,,3.547945205,9,64,9,7,3.333333333,3.609375,3.444444444,3.857142857,29,29,31,3.689655172,3.517241379,3.548387097
"Lafayette-West Lafayette, IN",93,3.860215054,26,1,38,22,4,2,4.038461538,3,3.947368421,3.590909091,4.25,2.5,2,12,,79,5,3.416666667,,3.898734177,5,75,5,8,4.2,3.933333333,4,2.875,18,38,37,3.611111111,3.894736842,3.945945946
"Lake Charles, LA",47,3.276595745,17,,10,9,7,4,3.529411765,,3.4,3.222222222,3.285714286,2,1,19,,27,4,2.789473684,,3.592592593,4,36,3,4,4,3.166666667,2.333333333,4.25,18,19,10,3.166666667,3.315789474,3.4
"Lake Havasu City-Kingman, AZ",23,4.130434783,12,,10,1,,,4.166666667,,4,5,,,,5,,18,,4,,4.166666667,3,18,2,,4.666666667,4.111111111,3.5,,5,5,13,4.6,3.6,4.153846154
"Lakeland-Winter Haven, FL",109,3.431192661,40,6,34,18,6,5,3.25,3.666666667,3.558823529,3.111111111,4.166666667,4,4,8,2,95,4.5,4.125,5,3.294736842,7,86,8,8,3,3.406976744,3.625,3.875,26,39,44,3.461538462,3.692307692,3.181818182
"Lancaster, PA",79,3.303797468,29,1,25,12,8,4,3.103448276,3,3.4,3.333333333,3.875,3,6,10,,63,3.666666667,3.3,,3.26984127,7,53,10,9,2.428571429,3.264150943,3.9,3.555555556,23,28,28,2.956521739,3.392857143,3.5
"Lansing-East Lansing, MI",141,3.489361702,42,4,41,37,11,6,3.119047619,4.5,3.56097561,3.486486486,3.727272727,4.5,4,15,,122,4.25,3.2,,3.5,6,112,20,3,3.333333333,3.455357143,3.6,4.333333333,20,39,82,3.7,3.538461538,3.414634146
"Laredo, TX",24,3.625,12,1,8,3,,,3.5,3,3.625,4.333333333,,,2,2,,20,4,4,,3.55,2,19,1,2,2,3.578947368,5,5,7,6,11,3.428571429,3,4.090909091
"Las Cruces, NM",21,3.904761905,6,2,6,4,2,1,3.833333333,3.5,3.5,4.5,5,3,2,1,,18,3.5,3,,4,1,14,5,1,4,3.785714286,4.4,3,2,7,12,3.5,4.142857143,3.833333333
"Las Vegas-Henderson-Paradise, NV",1274,3.540031397,371,63,408,226,140,66,3.520215633,3.888888889,3.485294118,3.522123894,3.614285714,3.560606061,24,669,,581,3.708333333,3.650224215,,3.406196213,86,914,67,207,3.534883721,3.439824945,3.865671642,3.879227053,519,460,295,3.610789981,3.576086957,3.359322034
"Lawrence, KS",40,3.75,15,,16,5,3,1,3.933333333,,3.625,3.8,3,5,,4,,36,,4.25,,3.694444444,,37,2,1,,3.72972973,4,4,2,18,20,4,3.611111111,3.85
"Lawton, OK",25,3.84,9,1,12,1,2,,4.111111111,5,3.5,4,4,,1,3,,21,3,3.666666667,,3.904761905,2,19,2,2,3.5,3.789473684,5,3.5,4,15,6,3.5,3.666666667,4.5
"Lebanon, PA",11,3.818181818,5,2,2,,1,1,2.6,5,4.5,,5,5,2,,,9,5,,,3.555555556,1,7,1,2,3,3.428571429,5,5,6,2,3,3.666666667,5,3.333333333
"Lewiston, ID-WA",9,3.111111111,3,,5,1,,,4,,2.6,3,,,1,1,,7,4,3,,3,1,7,,1,3,3,,4,2,,7,3.5,,3
"Lewiston-Auburn, ME",9,3.222222222,3,1,2,1,2,,2.333333333,4,3.5,4,3.5,,1,1,,7,3,4,,3.142857143,1,6,1,1,4,3,4,3,2,3,4,3.5,2.333333333,3.75
"Lexington-Fayette, KY",38,3.684210526,16,,11,7,4,,3.8125,,3.363636364,3.571428571,4.25,,3,9,,26,3.333333333,4,,3.615384615,4,26,6,2,4,3.423076923,4.666666667,3.5,11,14,13,3.636363636,3.5,3.923076923
"Lima, OH",24,3.541666667,10,1,9,2,2,,3.6,2,3.777777778,2.5,4,,1,3,,20,4,4.666666667,,3.35,1,23,,,5,3.47826087,,,3,6,15,2.333333333,4.5,3.4
"Lincoln, NE",84,3.678571429,30,2,31,16,3,2,3.233333333,3.5,3.967741935,3.8125,4.666666667,3.5,,13,,71,,4.384615385,,3.549295775,1,72,8,3,4,3.666666667,3.75,3.666666667,8,33,43,3.25,3.909090909,3.581395349
"Little Rock-North Little Rock-Conway, AR",182,3.5,67,7,46,27,22,13,3.447761194,3.714285714,3.413043478,3.407407407,3.681818182,3.846153846,7,21,,154,3.428571429,3.80952381,,3.461038961,16,126,20,20,3.5625,3.428571429,3.8,3.6,41,55,86,3.609756098,3.309090909,3.569767442
"Logan, UT-ID",31,3.806451613,14,1,10,5,1,,4.142857143,5,3.4,3.6,3,,,3,,28,,4.333333333,,3.75,,29,2,,,3.862068966,3,,4,14,13,4.75,3.928571429,3.384615385
"Longview, TX",54,3.5,21,,22,8,3,,3.428571429,,3.863636364,2.125,5,,3,3,,48,4.333333333,2.666666667,,3.5,1,44,5,4,5,3.386363636,4.4,3.25,11,10,33,4.090909091,2.6,3.575757576
"Longview, WA",13,3.076923077,3,,7,,3,,3,,2.714285714,,4,,,,,13,,,,3.076923077,,11,2,,,2.909090909,4,,,2,11,,2.5,3.181818182
"Los Angeles-Long Beach-Anaheim, CA",3176,3.703085642,920,133,1070,586,328,139,3.692391304,4.067669173,3.637383178,3.728668942,3.698170732,3.834532374,133,555,181,2307,3.729323308,3.985585586,3.70718232,3.633289987,181,2408,213,374,3.718232044,3.63538206,3.751173709,4.104278075,800,1161,1215,3.85875,3.736434109,3.56872428
"Louisville/Jefferson County, KY-IN",393,3.676844784,110,22,123,70,46,22,3.836363636,3.818181818,3.544715447,3.785714286,3.304347826,3.909090909,28,45,,320,4.071428571,4,,3.596875,10,273,61,49,3.9,3.582417582,3.672131148,4.163265306,104,134,155,3.942307692,3.686567164,3.490322581
"Lubbock, TX",140,3.821428571,53,1,53,21,8,4,3.754716981,5,3.905660377,3.666666667,3.75,4.25,4,10,2,124,3.75,4.3,3,3.798387097,11,111,13,5,4.363636364,3.765765766,4,3.4,28,56,56,3.714285714,3.75,3.946428571
"Lynchburg, VA",68,3.485294118,25,1,22,11,7,2,3.4,4,3.454545455,3.636363636,3.571428571,3.5,11,7,,50,3.363636364,3.428571429,,3.52,6,57,4,1,3,3.49122807,3.75,5,9,31,28,3.222222222,3.580645161,3.464285714
"Macon-Bibb County, GA",8,3.75,2,,4,1,1,,2.5,,4.25,3,5,,,1,,7,,5,,3.571428571,1,7,,,5,3.571428571,,,3,2,3,3.666666667,3.5,4
"Madera, CA",13,2.923076923,6,,2,4,1,,2.166666667,,5,3,3,,,3,,10,,3.666666667,,2.7,2,9,1,1,4,2.666666667,3,3,4,5,4,3.5,2,3.5
"Madison, WI",173,3.630057803,61,2,60,25,17,8,3.852459016,3.5,3.45,3.52,3.588235294,3.75,2,49,,122,3,3.93877551,,3.516393443,8,138,12,15,3.5,3.608695652,3.75,3.8,35,61,77,3.914285714,3.672131148,3.467532468
"Manchester-Nashua, NH",71,3.295774648,24,1,29,8,8,1,3.541666667,5,2.931034483,3.125,3.625,5,2,8,,61,2.5,3.125,,3.344262295,3,61,3,4,3.666666667,3.295081967,3,3.25,10,24,37,3.6,3.541666667,3.054054054
"Manhattan, KS",52,3.596153846,22,1,21,5,3,,3.181818182,4,4,3.8,3.333333333,,,7,,45,,3.428571429,,3.622222222,3,46,1,2,2.666666667,3.630434783,4,4,7,21,24,3.142857143,3.523809524,3.791666667
"Mankato, MN",28,3.607142857,9,,7,9,1,2,3.222222222,,3.714285714,4,3,3.5,4,1,,23,3.75,4,,3.565217391,4,22,2,,3,3.590909091,5,,6,7,15,3.166666667,3.714285714,3.733333333
"Mansfield, OH",30,3.8,13,,10,4,3,,4.153846154,,3.1,4.25,4,,,1,,29,,5,,3.75862069,1,28,,1,3,3.785714286,,5,5,11,14,3.8,3.636363636,3.928571429
"McAllen-Edinburg-Mission, TX",109,3.47706422,43,2,39,17,7,1,3.465116279,1,3.615384615,3.588235294,3,5,,3,,106,,3.666666667,,3.471698113,6,96,6,1,3.833333333,3.46875,3.666666667,1,26,42,41,3.192307692,3.666666667,3.463414634
"Medford, OR",23,3.782608696,9,,4,7,1,2,3.222222222,,4.5,4.142857143,5,3,,3,,20,,4,,3.75,4,17,2,,4.25,3.764705882,3,,8,6,9,4.25,3.833333333,3.333333333
"Memphis, TN-MS-AR",316,3.696202532,118,25,80,46,27,20,3.593220339,4.24,3.5875,3.673913043,3.888888889,3.85,26,59,,231,4.115384615,4.050847458,,3.558441558,20,205,30,61,4.05,3.512195122,3.633333333,4.229508197,102,100,114,4.019607843,3.47,3.605263158
"Merced, CA",27,3.555555556,8,1,13,4,1,,3,4,3.538461538,4.25,5,,,2,,25,,2,,3.68,1,22,2,2,3,3.363636364,5,4.5,4,4,19,3.25,3.5,3.631578947
"Miami-Fort Lauderdale-Pompano Beach, FL",1628,3.648648649,563,62,514,260,156,73,3.502664298,4.177419355,3.571984436,3.734615385,3.852564103,4.123287671,67,448,,1113,3.865671642,4.064732143,,3.468104223,75,1196,117,240,3.866666667,3.543478261,3.58974359,4.133333333,445,609,574,4.002247191,3.645320197,3.37804878
"Michigan City-La Porte, IN",16,3.5625,7,,4,4,1,,3.714285714,,3.5,3.25,4,,1,,,15,1,,,3.733333333,1,14,1,,4,3.428571429,5,,4,5,7,3.5,3.4,3.714285714
"Midland, MI",19,3.526315789,10,,5,3,1,,3.7,,4,2,4,,,3,,16,,3,,3.625,2,17,,,3,3.588235294,,,7,5,7,2.714285714,4.4,3.714285714
"Midland, TX",27,3.851851852,10,1,8,5,3,,3.9,5,3.25,4.6,3.666666667,,,6,,21,,4.333333333,,3.714285714,2,20,2,3,5,3.75,3.5,4,9,13,5,4,4.076923077,3
"Milwaukee-Waukesha, WI",371,3.533692722,104,16,148,68,26,9,3.576923077,3.5625,3.445945946,3.602941176,3.5,4,18,30,,323,3.111111111,3.933333333,,3.520123839,25,299,28,19,3.44,3.535117057,3.392857143,3.842105263,69,114,188,3.463768116,3.728070175,3.441489362
"Minneapolis-St. Paul-Bloomington, MN-WI",831,3.613718412,244,35,294,157,78,23,3.635245902,4,3.540816327,3.643312102,3.576923077,3.652173913,55,102,,674,3.6,4.009803922,,3.554896142,35,627,76,93,3.885714286,3.540669856,3.789473684,3.860215054,177,220,434,3.836158192,3.659090909,3.5
"Missoula, MT",23,3.391304348,10,,7,3,2,1,3.4,,3.714285714,3.666666667,3,1,1,5,,17,5,4.2,,3.058823529,4,16,3,,3.5,3.125,4.666666667,,4,9,10,4,3.555555556,3
"Mobile, AL",111,3.621621622,36,4,45,13,9,4,3.222222222,4,3.577777778,4.153846154,4.111111111,4.5,8,10,,93,3.5,3.8,,3.612903226,10,77,13,11,3.4,3.532467532,4,4,27,33,51,3.666666667,3.303030303,3.803921569
"Modesto, CA",85,3.611764706,28,,30,18,8,1,3.642857143,,3.566666667,3.944444444,3,3,3,2,,80,4,5,,3.5625,3,78,1,3,3,3.628205128,3,4,13,27,45,3.538461538,3.62962963,3.622222222
"Monroe, LA",36,3.75,13,1,15,3,1,3,3.230769231,4,4.2,3,4,4.333333333,10,2,,24,4.3,3,,3.583333333,1,26,,9,4,3.461538462,,4.555555556,13,12,11,4.076923077,3.5,3.636363636
"Monroe, MI",22,3.136363636,10,1,5,3,3,,3.2,4,3,3,3,,1,1,,20,4,5,,3,5,14,2,1,3.6,2.857142857,3.5,4,8,6,8,3.625,3,2.75
"Montgomery, AL",97,3.505154639,39,9,24,12,8,5,3.128205128,4.333333333,3.625,3.833333333,3.375,3.8,7,10,,80,4.142857143,3.4,,3.4625,8,68,15,6,4.125,3.367647059,3.6,4,21,34,42,3.761904762,3.382352941,3.476190476
"Morgantown, WV",64,3.40625,21,2,22,14,4,1,3.142857143,3,3.545454545,3.857142857,3.25,1,2,5,,57,2.5,3.4,,3.438596491,4,53,5,2,3.75,3.41509434,2.8,4,13,24,27,3.230769231,3.791666667,3.148148148
"Morristown, TN",24,3.625,10,1,8,3,2,,3.9,5,2.375,4.666666667,5,,2,1,,21,4.5,1,,3.666666667,,22,1,1,,3.681818182,1,5,5,7,12,4.2,3.571428571,3.416666667
"Mount Vernon-Anacortes, WA",6,3.166666667,3,,1,,2,,2.666666667,,4,,3.5,,,,,6,,,,3.166666667,1,3,1,1,4,2.666666667,3,4,1,,5,4,,3
"Muncie, IN",55,3.472727273,24,,18,9,3,1,3.583333333,,3.333333333,3.555555556,3,4,,3,,52,,3.666666667,,3.461538462,3,44,2,6,3.666666667,3.431818182,4,3.5,11,19,25,3.363636364,3.578947368,3.44
"Muskegon, MI",26,3.538461538,9,,13,2,2,,3.444444444,,3.692307692,4,2.5,,,1,,25,,3,,3.56,1,23,2,,5,3.47826087,3.5,,5,6,15,4.2,4.333333333,3
"Myrtle Beach-Conway-North Myrtle Beach, SC-NC",156,3.884615385,51,6,41,28,20,10,3.843137255,5,4.024390244,3.464285714,3.65,4.5,3,73,,80,4.333333333,4.301369863,,3.4875,11,113,7,25,3.727272727,3.849557522,3.571428571,4.2,77,41,38,4.012987013,4.097560976,3.394736842
"Napa, CA",17,3.647058824,8,,5,3,1,,3.875,,3.8,2.333333333,5,,,6,,11,,4,,3.454545455,,12,1,4,,3.333333333,4,4.5,5,7,5,4.4,3.714285714,2.8
"Naples-Marco Island, FL",73,3.630136986,22,3,19,17,8,4,3.772727273,3.666666667,3.684210526,3.294117647,3.375,4.5,5,31,,37,3.4,4.032258065,,3.324324324,3,53,5,12,3,3.452830189,4,4.416666667,19,39,15,3.789473684,3.769230769,3.066666667
"Nashville-Davidson--Murfreesboro--Franklin, TN",318,3.559748428,97,12,103,60,34,12,3.597938144,4.166666667,3.601941748,3.4,3.294117647,3.833333333,6,22,,290,3,4.272727273,,3.517241379,9,254,29,26,3.555555556,3.464566929,3.724137931,4.307692308,66,127,125,3.515151515,3.74015748,3.4
"New Bern, NC",15,3.4,4,,5,6,,,3,,4,3.166666667,,,,,,15,,,,3.4,1,11,2,1,3,3.545454545,4,1,2,1,12,2,4,3.583333333
"New Orleans-Metairie, LA",430,3.788372093,138,27,130,82,35,18,3.797101449,4.333333333,3.553846154,3.890243902,4,3.722222222,65,143,,222,3.8,4.125874126,,3.567567568,24,272,37,97,3.958333333,3.658088235,4.027027027,4.020618557,168,140,122,4,3.728571429,3.56557377
"New York-Newark-Jersey City, NY-NJ-PA",2445,3.738650307,759,102,807,446,225,106,3.62055336,4.039215686,3.711276332,3.816143498,3.804444444,4.037735849,165,452,5,1823,3.878787879,4.030973451,3.2,3.654964344,153,1735,181,376,3.745098039,3.658213256,3.806629834,4.074468085,683,768,994,3.919472914,3.73046875,3.620724346
"Niles, MI",15,3.6,4,1,6,2,2,,3.75,2,3.5,3.5,4.5,,,3,,12,,4.666666667,,3.333333333,1,10,2,2,5,3.3,4.5,3.5,3,6,6,4,3.666666667,3.333333333
"North Port-Sarasota-Bradenton, FL",146,3.52739726,51,5,48,22,14,6,3.431372549,4.6,3.333333333,3.636363636,3.642857143,4.333333333,4,22,,120,5,3.590909091,,3.466666667,4,117,17,8,3.75,3.444444444,3.647058824,4.375,26,57,63,3.730769231,3.701754386,3.285714286
"Ocala, FL",48,3.25,16,,20,5,6,1,3,,3.7,2.4,2.833333333,5,2,2,,44,2,4,,3.272727273,2,40,3,3,3,3.3,3.333333333,2.666666667,9,20,19,3.111111111,3.5,3.052631579
"Ocean City, NJ",4,3.5,2,,1,,1,,4.5,,3,,2,,1,1,,2,4,5,,2.5,1,3,,,3,3.666666667,,,1,2,1,4,4,2
"Odessa, TX",11,4.181818182,6,,4,1,,,4.666666667,,3.75,3,,,,1,,10,,5,,4.1,2,9,,,5,4,,,2,7,2,5,3.857142857,4.5
"Ogden-Clearfield, UT",106,3.745283019,42,,30,29,3,2,3.619047619,,3.933333333,3.724137931,3.333333333,4.5,2,9,,95,4.5,3.777777778,,3.726315789,7,91,7,1,3.714285714,3.714285714,4,5,13,37,56,3.769230769,3.837837838,3.678571429
"Oklahoma City, OK",447,3.516778523,178,5,145,53,48,18,3.573033708,3.2,3.393103448,3.471698113,3.75,3.555555556,18,55,2,372,3.611111111,3.945454545,4,3.446236559,23,332,52,40,4.130434783,3.5,3.346153846,3.525,100,144,203,3.73,3.534722222,3.399014778
"Olympia-Lacey-Tumwater, WA",55,3.509090909,23,2,18,8,4,,3.47826087,4.5,3.611111111,3.25,3.25,,2,13,,40,3.5,4.153846154,,3.3,4,45,2,4,4.25,3.333333333,3,5,9,20,26,4.111111111,3.55,3.269230769
"Omaha-Council Bluffs, NE-IA",268,3.597014925,73,11,77,54,31,22,3.698630137,3.545454545,3.519480519,3.62962963,3.677419355,3.363636364,9,88,,171,3.333333333,3.704545455,,3.555555556,8,200,23,37,3.5,3.555,3.739130435,3.756756757,91,85,92,3.626373626,3.682352941,3.489130435
"Orlando-Kissimmee-Sanford, FL",2588,3.718315301,684,134,836,510,321,103,3.703216374,3.932835821,3.625598086,3.8,3.794392523,3.650485437,36,832,705,1015,3.194444444,3.852163462,3.914893617,3.490640394,161,1785,177,465,3.689440994,3.654901961,3.661016949,3.993548387,1080,1018,490,3.812037037,3.76719057,3.410204082
"Oshkosh-Neenah, WI",27,3.777777778,13,2,3,7,2,,4,4,3,3.571428571,4,,,,,27,,,,3.777777778,1,23,2,1,4,3.739130435,3.5,5,2,7,18,4.5,4.142857143,3.555555556
"Owensboro, KY",27,3.962962963,10,4,9,,2,2,4.6,4.25,3.222222222,,3,4.5,6,1,,20,4.166666667,5,,3.85,1,22,1,3,3,3.863636364,5,4.666666667,7,14,6,4.142857143,3.928571429,3.833333333
"Oxnard-Thousand Oaks-Ventura, CA",105,3.657142857,33,,34,24,13,1,3.727272727,,3.705882353,3.625,3.461538462,3,2,11,,92,4.5,3.454545455,,3.663043478,6,87,5,7,3.166666667,3.712643678,3.6,3.428571429,19,40,46,3.526315789,3.7,3.673913043
"Palm Bay-Melbourne-Titusville, FL",127,3.653543307,37,8,48,23,5,6,3.918918919,3.5,3.270833333,4.043478261,3.8,3.666666667,10,19,1,97,4,4.368421053,5,3.463917526,10,100,8,9,4.1,3.57,3.625,4.111111111,27,44,56,3.851851852,3.977272727,3.303571429
"Panama City, FL",41,3.853658537,19,,15,6,1,,3.842105263,,3.733333333,4,5,,1,7,,33,5,3.571428571,,3.878787879,4,33,2,2,3.75,3.787878788,4,5,10,18,13,4.2,3.888888889,3.538461538
"Parkersburg-Vienna, WV",15,3.933333333,3,1,5,4,1,1,3.333333333,5,4.2,3.75,5,3,,,,15,,,,3.933333333,1,12,1,1,5,3.833333333,3,5,1,5,9,5,3.6,4
"Pensacola-Ferry Pass-Brent, FL",132,3.446969697,42,4,48,18,12,8,3.19047619,2.75,3.645833333,3.722222222,3.5,3.25,1,10,,121,5,3.4,,3.438016529,13,97,10,12,3.846153846,3.298969072,3.8,3.916666667,28,49,55,3.392857143,3.612244898,3.327272727
"Peoria, IL",66,3.651515152,20,2,24,13,7,,3.35,4.5,3.75,3.615384615,4,,3,10,,53,3.666666667,4.1,,3.566037736,2,52,7,5,3.5,3.576923077,4,4,13,21,32,3.307692308,3.761904762,3.71875
"Philadelphia-Camden-Wilmington, PA-NJ-DE-MD",1012,3.503952569,302,43,338,188,105,36,3.543046358,3.976744186,3.426035503,3.39893617,3.60952381,3.583333333,171,130,,711,3.426900585,3.923076923,,3.445850914,50,724,82,156,3.28,3.453038674,3.585365854,3.769230769,302,322,388,3.612582781,3.50931677,3.414948454
"Phoenix-Mesa-Chandler, AZ",1586,3.643127364,488,51,519,313,167,48,3.637295082,3.725490196,3.612716763,3.549520767,3.856287425,3.8125,39,361,3,1183,3.512820513,3.886426593,3.666666667,3.573119189,61,1192,117,216,3.721311475,3.526845638,3.837606838,4.157407407,401,574,611,3.877805486,3.696864111,3.438625205
"Pine Bluff, AR",7,4.285714286,3,,,4,,,4.333333333,,,4.25,,,2,,,5,3.5,,,4.6,,5,1,1,,4.6,3,4,1,,6,4,,4.333333333
"Pittsburgh, PA",483,3.50310559,143,16,158,90,50,26,3.517482517,4.25,3.462025316,3.477777778,3.52,3.269230769,32,76,4,371,3.59375,4.092105263,3.5,3.374663073,42,369,29,43,3.738095238,3.43902439,3.275862069,3.976744186,118,143,222,3.779661017,3.545454545,3.328828829
"Pittsfield, MA",8,3.875,1,,4,1,1,1,4,,3.75,5,5,2,1,1,,6,5,5,,3.5,2,5,,1,2,4.4,,5,3,4,1,3,4.5,4
"Pocatello, ID",13,3.230769231,4,1,4,3,1,,3.25,4,3.5,2.666666667,3,,,3,,10,,4,,3,1,10,2,,4,3.1,3.5,,1,7,5,4,3.142857143,3.2
"Port St. Lucie, FL",43,3.418604651,18,2,13,7,2,1,3.722222222,2.5,3.153846154,3.571428571,2.5,4,,2,,41,,3.5,,3.414634146,6,34,2,1,3.833333333,3.294117647,3.5,5,6,21,16,4,3.428571429,3.1875
"Portland-South Portland, ME",61,3.196721311,25,3,18,10,3,2,3.2,4,3.111111111,3.4,2,3.5,3,7,,51,3.666666667,3.285714286,,3.156862745,4,51,3,3,3.25,3.078431373,3.666666667,4.666666667,12,18,31,3.5,3.222222222,3.064516129
"Portland-Vancouver-Hillsboro, OR-WA",539,3.448979592,190,17,180,88,44,20,3.336842105,3,3.405555556,3.681818182,3.909090909,3.25,20,94,,425,3.2,3.946808511,,3.350588235,16,428,51,44,3.5,3.387850467,3.666666667,3.772727273,112,181,246,3.553571429,3.44198895,3.406504065
"Poughkeepsie-Newburgh-Middletown, NY",79,3.772151899,25,1,20,19,11,3,3.88,4,3.4,3.684210526,4.181818182,4.333333333,8,4,,67,3.75,3.25,,3.805970149,1,65,6,7,5,3.8,2.666666667,4.285714286,14,27,38,4.071428571,3.814814815,3.631578947
"Providence-Warwick, RI-MA",158,3.601265823,37,10,59,28,16,8,3.459459459,4.4,3.593220339,3.5,3.5,3.875,10,28,,120,4.2,4,,3.458333333,9,116,17,16,3.444444444,3.49137931,3.647058824,4.4375,38,40,80,4.263157895,3.725,3.225
"Provo-Orem, UT",139,3.827338129,52,2,54,20,7,4,3.807692308,5,3.888888889,3.65,3.857142857,3.5,,9,,130,,4.444444444,,3.784615385,4,119,8,8,3.75,3.781512605,4.125,4.25,14,70,55,3.714285714,3.928571429,3.727272727
"Pueblo, CO",22,3.318181818,10,,10,1,1,,3.3,,3.4,4,2,,,2,,20,,2.5,,3.4,1,17,2,2,4,3.294117647,3,3.5,3,7,12,3.666666667,3.285714286,3.25
"Punta Gorda, FL",23,4,7,3,4,3,4,2,3.857142857,4.666666667,3.25,4.333333333,4.5,3.5,7,1,,15,4.571428571,4,,3.733333333,2,13,2,6,3.5,4,3,4.5,9,6,8,3.888888889,4,4.125
"Racine, WI",24,3.958333333,12,2,4,3,3,,3.833333333,5,3.75,3.333333333,4.666666667,,,1,,23,,5,,3.913043478,2,20,2,,3.5,3.95,4.5,,4,6,14,4,3.833333333,4
"Raleigh-Cary, NC",450,3.546666667,147,14,150,68,42,29,3.530612245,4.285714286,3.373333333,3.720588235,3.452380952,3.896551724,13,52,1,384,3.153846154,3.596153846,3,3.5546875,28,337,40,45,3.321428571,3.534124629,3.425,3.888888889,96,151,203,3.59375,3.549668874,3.522167488
"Rapid City, SD",23,3.391304348,12,1,7,,3,,3,5,3.285714286,,4.666666667,,1,4,,18,5,3.75,,3.222222222,1,19,1,2,5,3.421052632,2,3,3,8,12,4.333333333,2.875,3.5
"Reading, PA",62,3.483870968,21,2,21,10,6,2,3.619047619,4,3.142857143,3.6,3.833333333,3.5,4,6,,52,3.75,5,,3.288461538,5,52,3,2,3.4,3.442307692,3.333333333,5,14,19,29,3.857142857,3.842105263,3.068965517
"Redding, CA",26,3.307692308,7,,15,1,3,,3.714285714,,3.133333333,4,3,,,8,,18,,3.375,,3.277777778,4,19,1,2,3.25,3.368421053,2,3.5,7,8,11,3.142857143,3.625,3.181818182
"Reno, NV",101,3.504950495,43,4,32,14,8,,3.325581395,3,3.84375,3.357142857,3.625,,3,15,,83,3.666666667,4,,3.409638554,4,85,7,5,3.5,3.541176471,2.428571429,4.4,17,40,44,4.058823529,3.425,3.363636364
"Richmond, VA",382,3.418848168,156,13,114,52,32,15,3.33974359,4.230769231,3.245614035,3.615384615,3.59375,3.8,26,53,,303,3.115384615,4.056603774,,3.333333333,21,285,32,44,3.428571429,3.30877193,3.4375,4.113636364,109,125,148,3.605504587,3.384,3.310810811
"Riverside-San Bernardino-Ontario, CA",848,3.541273585,260,23,290,163,87,25,3.523076923,3.913043478,3.424137931,3.515337423,3.827586207,3.92,26,111,1,710,3.884615385,4.18018018,4,3.428169014,52,691,53,52,3.423076923,3.484804631,3.622641509,4.326923077,166,292,390,3.644578313,3.715753425,3.366666667
"Roanoke, VA",60,3.316666667,25,2,22,7,3,1,3.08,4.5,3.454545455,3.285714286,3.666666667,3,3,7,,50,2,3.857142857,,3.32,5,43,8,4,4.2,3.069767442,3.75,4,9,22,29,3.444444444,3.136363636,3.413793103
"Rochester, MN",48,3.604166667,13,2,12,14,6,1,2.846153846,3.5,4,3.642857143,4.333333333,4,3,7,,38,3.666666667,3.714285714,,3.578947368,1,38,5,4,2,3.605263158,4.2,3.25,7,18,23,3.285714286,3.944444444,3.434782609
"Rochester, NY",132,3.590909091,45,5,47,22,11,2,3.644444444,4.4,3.638297872,3.409090909,3.454545455,2,12,14,,106,4,3.285714286,,3.58490566,9,108,9,6,4.333333333,3.490740741,3.666666667,4.166666667,27,52,53,3.703703704,3.730769231,3.396226415
"Rockford, IL",74,3.472972973,17,5,30,11,8,3,3.588235294,3,3.4,3.272727273,3.75,4.333333333,5,8,,61,1.8,3,,3.672131148,4,59,9,2,4.25,3.457627119,3.111111111,4,13,29,32,3.538461538,3.413793103,3.5
"Rocky Mount, NC",26,3.384615385,7,1,10,5,3,,3.428571429,4,3.9,2.6,2.666666667,,5,1,,20,2.6,5,,3.5,1,19,4,2,3,3.578947368,2.75,3,5,8,13,3,3.625,3.384615385
"Rome, GA",26,3.307692308,6,1,13,4,2,,2.5,5,3.307692308,4.5,2.5,,3,1,,22,4.666666667,5,,3.045454545,2,19,2,3,4,3.210526316,4,3,8,8,10,3.375,3.625,3
"Sacramento-Roseville-Folsom, CA",515,3.52815534,162,16,161,109,53,14,3.549382716,4.0625,3.366459627,3.541284404,3.641509434,4,13,70,,432,4.076923077,3.928571429,,3.446759259,21,420,38,36,3.285714286,3.497619048,3.447368421,4.111111111,93,169,253,3.494623656,3.639053254,3.466403162
"Saginaw, MI",32,3.84375,10,,11,8,3,,4.4,,3.181818182,4.125,3.666666667,,3,2,1,26,4,3,5,3.846153846,2,28,1,1,3,3.928571429,3,4,5,12,15,3.2,3.833333333,4.066666667
"Salem, OR",56,3.357142857,20,3,13,13,6,1,3.1,4.666666667,2.923076923,4.153846154,2.833333333,3,6,5,,45,3.166666667,3.8,,3.333333333,3,45,4,4,2,3.466666667,3.75,2.75,12,16,28,3.166666667,3.5,3.357142857
"Salinas, CA",45,3.755555556,25,,11,6,3,,3.72,,3.727272727,3.833333333,4,,3,9,,33,3.666666667,4,,3.696969697,,37,3,5,,3.621621622,4.666666667,4.2,6,14,25,4.333333333,3.357142857,3.84
"Salisbury, MD-DE",52,3.673076923,16,3,21,6,3,3,3.75,3.333333333,3.619047619,3.5,4.666666667,3.333333333,,7,,45,,4,,3.622222222,5,37,5,5,3.2,3.810810811,2.6,4.2,11,18,23,3.454545455,4.055555556,3.47826087
"Salt Lake City, UT",371,3.638814016,131,13,110,68,33,16,3.488549618,4.153846154,3.490909091,3.926470588,3.757575758,4,10,100,,261,3.7,3.73,,3.601532567,20,272,31,48,3.95,3.547794118,3.580645161,4.0625,103,135,133,3.718446602,3.688888889,3.526315789
"San Angelo, TX",21,3.523809524,10,,8,3,,,3.4,,3.25,4.666666667,,,2,1,,18,3,5,,3.5,2,17,2,,3.5,3.352941176,5,,5,6,10,4.4,3.333333333,3.2
"San Antonio-New Braunfels, TX",930,3.67311828,306,23,310,163,85,43,3.552287582,4.47826087,3.648387097,3.779141104,3.752941176,3.720930233,40,170,1,719,3.8,4,3,3.589707928,56,704,77,93,3.428571429,3.610795455,3.649350649,4.311827957,241,329,360,3.829875519,3.674772036,3.566666667
"San Diego-Chula Vista-Carlsbad, CA",1013,3.752221125,275,33,326,222,106,51,3.741818182,3.848484848,3.726993865,3.842342342,3.594339623,3.843137255,30,285,,698,3.1,4.045614035,,3.660458453,39,796,62,116,3.538461538,3.706030151,3.580645161,4.232758621,265,392,356,3.932075472,3.775510204,3.592696629
"San Francisco-Oakland-Berkeley, CA",980,3.742857143,333,52,306,180,70,39,3.672672673,4.038461538,3.640522876,3.838888889,4.042857143,3.769230769,38,288,,654,3.473684211,4.142361111,,3.582568807,56,689,55,180,3.678571429,3.674891147,3.545454545,4.083333333,278,355,347,3.938848921,3.847887324,3.478386167
"San Jose-Sunnyvale-Santa Clara, CA",453,3.816777042,158,14,162,66,41,12,3.784810127,3.928571429,3.716049383,3.924242424,3.975609756,4.333333333,15,85,5,348,3.866666667,4.141176471,4,3.732758621,19,353,29,52,3.578947368,3.756373938,3.689655172,4.384615385,98,156,199,4.06122449,3.814102564,3.698492462
"San Luis Obispo-Paso Robles, CA",38,3.447368421,16,,14,3,4,1,3.625,,3.142857143,3,3.75,5,,5,,33,,3.8,,3.393939394,1,34,,3,2,3.441176471,,4,7,20,11,2.714285714,3.65,3.545454545
"Santa Cruz-Watsonville, CA",30,3.466666667,13,,14,2,1,,3.307692308,,3.571428571,3,5,,2,2,,26,5,2,,3.461538462,1,25,3,1,2,3.44,4,4,4,9,17,4,3,3.588235294
"Santa Fe, NM",15,4,4,1,5,3,1,1,3.25,4,4,4.666666667,5,4,,8,,7,,4.375,,3.571428571,,11,,4,,3.909090909,,4.25,4,8,3,4.5,3.875,3.666666667
"Santa Maria-Santa Barbara, CA",79,3.632911392,31,2,32,6,5,3,3.580645161,5,3.875,3.333333333,2.6,3,2,23,,54,4.5,3.826086957,,3.518518519,4,64,4,7,3.25,3.703125,3.25,3.428571429,16,33,30,3.4375,3.878787879,3.466666667
"Santa Rosa-Petaluma, CA",76,3.618421053,20,2,38,10,3,3,3.15,3,3.710526316,3.8,4.666666667,4.333333333,,16,,60,,3.875,,3.55,4,62,5,5,3,3.596774194,4,4,12,34,30,3.5,3.676470588,3.6
"Savannah, GA",164,3.640243902,52,13,57,24,12,6,3.538461538,4.384615385,3.526315789,3.666666667,4.083333333,3,14,48,,102,4.071428571,3.604166667,,3.598039216,11,111,17,25,3.727272727,3.522522523,3.529411765,4.2,60,60,44,3.866666667,3.383333333,3.681818182
"Scranton--Wilkes-Barre, PA",104,3.375,33,3,21,23,16,8,3.393939394,3,3,3.217391304,3.625,4.375,17,10,,77,3.529411765,3.2,,3.363636364,6,84,8,6,2.833333333,3.321428571,4,3.833333333,24,30,50,3.208333333,3.533333333,3.36
"Seattle-Tacoma-Bellevue, WA",998,3.539078156,335,34,308,188,94,39,3.468656716,3.882352941,3.496753247,3.505319149,3.723404255,3.897435897,19,191,9,779,2.894736842,3.869109948,4.333333333,3.464698331,43,706,109,140,3.558139535,3.437677054,3.403669725,4.15,276,291,431,3.768115942,3.635738832,3.327146172
"Sebastian-Vero Beach, FL",24,3.416666667,9,,8,2,2,3,3.444444444,,3.375,2,3.5,4.333333333,1,3,,20,5,3.666666667,,3.3,2,20,1,1,3.5,3.45,1,5,3,11,10,3.666666667,3.545454545,3.2
"Sebring-Avon Park, FL",17,3.647058824,8,,2,4,3,,3,,3.5,4,5,,3,,,14,5,,,3.357142857,,14,1,2,,3.357142857,5,5,3,3,11,5,4.333333333,3.090909091
"Sheboygan, WI",15,3.933333333,4,1,2,5,1,2,3.5,3,3.5,4.8,3,4,1,,,14,5,,,3.857142857,,13,1,1,,3.923076923,3,5,2,6,7,5,4,3.571428571
"Sherman-Denison, TX",29,3.586206897,9,1,10,7,2,,4.111111111,2,3.3,3.857142857,2.5,,1,4,,24,3,4.5,,3.458333333,1,25,2,1,3,3.72,2.5,3,3,13,13,3.333333333,3.923076923,3.307692308
"Shreveport-Bossier City, LA",69,3.739130435,20,3,23,14,8,1,3.75,5,3.217391304,3.928571429,4.25,5,2,5,,62,5,3.6,,3.709677419,1,57,6,5,3,3.754385965,3.166666667,4.4,16,20,33,3.9375,3.7,3.666666667
"Sierra Vista-Douglas, AZ",3,4.333333333,1,,1,,1,,5,,4,,4,,,,,3,,,,4.333333333,,2,1,,,4.5,4,,,1,2,,5,4
"Sioux City, IA-NE-SD",17,3.588235294,5,,7,2,3,,4.4,,3.285714286,4,2.666666667,,,,,17,,,,3.588235294,,14,2,1,,3.5,3.5,5,1,5,11,5,3.6,3.454545455
"Sioux Falls, SD",33,3.454545455,14,,13,3,3,,3.571428571,,3.230769231,4.333333333,3,,1,2,,30,3,4,,3.433333333,5,26,1,1,2.8,3.576923077,4,3,8,10,15,3.125,4,3.266666667
"South Bend-Mishawaka, IN-MI",78,3.653846154,23,3,33,8,9,2,4.086956522,4,3.545454545,3.875,3.222222222,1,4,14,2,58,3.75,3.857142857,2,3.655172414,9,54,9,6,4.333333333,3.703703704,2.777777778,3.5,18,22,38,3.944444444,3.454545455,3.631578947
"Spartanburg, SC",79,3.797468354,29,3,26,14,5,2,3.448275862,5,3.769230769,4.071428571,4.4,4,6,4,,69,4.333333333,3.75,,3.753623188,4,58,7,10,2.75,3.706896552,3.857142857,4.7,23,27,29,3.782608696,4.074074074,3.551724138
"Spokane-Spokane Valley, WA",97,3.360824742,31,5,35,18,6,2,3.064516129,3.6,3.542857143,3.333333333,3.5,4,2,8,,87,4,3.5,,3.333333333,6,77,11,3,3.166666667,3.324675325,3.727272727,3.333333333,15,21,61,3.2,3.476190476,3.360655738
"Springfield, IL",44,3.568181818,17,,12,6,7,2,3.588235294,,4.083333333,3,3.571428571,2,1,4,,39,3,3,,3.641025641,3,33,4,4,2,3.575757576,4.5,3.75,9,13,22,3.111111111,3.153846154,4
"Springfield, MA",53,3.773584906,18,3,18,6,6,2,3.944444444,4.666666667,3.333333333,3.833333333,4,4,3,11,,39,4.666666667,4,,3.641025641,2,36,6,9,3.5,3.694444444,4.333333333,3.777777778,13,10,30,3.384615385,4.6,3.666666667
"Springfield, MO",135,3.740740741,41,2,44,31,12,5,3.658536585,3.5,3.681818182,3.64516129,4.5,3.8,3,17,,115,3.666666667,4.058823529,,3.695652174,10,103,15,7,3.3,3.631067961,4.4,4.571428571,27,56,52,3.666666667,3.714285714,3.807692308
"Springfield, OH",21,3.619047619,8,,7,3,3,,4.125,,3.142857143,4,3,,,3,,18,,3.666666667,,3.611111111,,19,2,,,3.578947368,4,,2,12,7,2.5,3.583333333,4
"St. Cloud, MN",9,3.888888889,3,,1,4,,1,4,,5,3.5,,4,1,,,8,4,,,3.875,,8,,1,,3.875,,4,2,2,5,3.5,4,4
"St. George, UT",21,3.619047619,7,,9,4,,1,3.857142857,,3.444444444,3.25,,5,1,4,,16,5,4,,3.4375,3,11,4,3,4.333333333,3.454545455,2.75,4.666666667,5,10,6,4.6,3.3,3.333333333
"St. Louis, MO-IL",312,3.423076923,93,10,118,62,23,6,3.301075269,2.6,3.5,3.741935484,3.086956522,3.166666667,6,19,,287,4,3.421052632,,3.411149826,13,262,21,16,3.384615385,3.400763359,3.666666667,3.5,50,106,156,3.54,3.528301887,3.314102564
"State College, PA",40,4.2,17,1,17,3,,2,4.117647059,5,4.117647059,4.333333333,,5,,5,,35,,4.8,,4.114285714,2,31,3,4,4.5,4.096774194,4.333333333,4.75,7,12,21,4.714285714,4.083333333,4.095238095
"Staunton, VA",21,3.428571429,8,,6,4,3,,3.375,,3.666666667,2.75,4,,,3,,18,,3.333333333,,3.444444444,1,18,1,1,3,3.333333333,4,5,2,11,8,4,3.545454545,3.125
"Stockton, CA",135,3.562962963,62,3,43,18,7,2,3.516129032,3.666666667,3.395348837,3.888888889,3.714285714,5,,22,,113,,4.045454545,,3.469026549,11,117,3,4,3.454545455,3.52991453,4.666666667,4,19,61,55,4.052631579,3.524590164,3.436363636
"Sumter, SC",15,4,7,2,1,4,1,,3.857142857,5,5,3.75,3,,,1,,14,,4,,4,1,12,2,,1,4.416666667,3,,1,9,5,4,4,4
"Syracuse, NY",98,3.132653061,44,3,25,17,8,1,2.977272727,2.666666667,3.36,3.117647059,3.5,3,7,10,,81,3.571428571,3.7,,3.024691358,8,80,6,4,2.375,3.1625,3.166666667,4,17,32,49,2.705882353,3.28125,3.183673469
"Tallahassee, FL",185,3.513513514,62,1,73,33,11,5,3.516129032,4,3.657534247,3.393939394,2.818181818,3.6,14,20,1,150,3.071428571,4,2,3.5,11,147,14,13,3.818181818,3.448979592,3.785714286,3.692307692,30,71,84,3.533333333,3.661971831,3.380952381
"Tampa-St. Petersburg-Clearwater, FL",907,3.558985667,275,34,304,174,85,35,3.494545455,4.176470588,3.496710526,3.488505747,3.717647059,3.971428571,47,152,7,701,3.595744681,3.868421053,3.857142857,3.486447932,53,691,78,85,3.396226415,3.513748191,3.653846154,3.941176471,237,347,323,3.628691983,3.654178674,3.405572755
"Terre Haute, IN",48,3.9375,17,,21,6,4,,3.823529412,,3.857142857,4,4.75,,,6,,42,,4,,3.928571429,5,41,2,,4.2,3.951219512,3,,11,21,16,3.727272727,4.285714286,3.625
"Texarkana, TX-AR",28,3.428571429,10,,7,9,1,1,3.4,,3,3.888888889,3,3,1,4,,23,3,3.25,,3.47826087,2,20,4,2,4.5,3.25,3.25,4.5,5,9,14,3.8,3.444444444,3.285714286
"The Villages, FL",9,3.444444444,4,,3,1,1,,2.75,,3.666666667,5,4,,,,,9,,,,3.444444444,,8,1,,,3.375,4,,,4,5,,3.25,3.6
"Toledo, OH",179,3.491620112,54,12,65,30,12,6,3.611111111,4.25,3.276923077,3.466666667,3.25,3.833333333,6,17,,156,3,3.647058824,,3.493589744,8,147,17,7,3.625,3.428571429,3.647058824,4.285714286,26,58,95,3.461538462,3.517241379,3.484210526
"Topeka, KS",38,4,19,,9,6,3,1,3.947368421,,3.666666667,4.5,4.333333333,4,2,3,,33,4,2.333333333,,4.151515152,4,27,4,3,3.25,4.222222222,3.75,3.333333333,9,18,11,3.555555556,4.055555556,4.272727273
"Trenton-Princeton, NJ",46,3.195652174,16,3,15,4,5,3,3,4.333333333,3,2.5,3.6,4.333333333,4,7,1,34,3.75,3.285714286,3,3.117647059,1,35,8,2,4,3.142857143,3,4.5,8,21,17,3.875,3.19047619,2.882352941
"Tucson, AZ",276,3.648550725,90,16,95,43,20,12,3.855555556,3,3.610526316,3.209302326,4.05,4.166666667,13,50,,213,3.615384615,4.04,,3.558685446,20,209,25,22,3.6,3.588516746,3.56,4.363636364,66,100,110,3.787878788,3.74,3.481818182
"Tulsa, OK",238,3.5,76,6,85,42,20,9,3.5,3.166666667,3.470588235,3.476190476,3.65,3.777777778,6,18,,214,3.5,3.833333333,,3.471962617,9,188,31,10,3.222222222,3.462765957,3.580645161,4.2,28,81,129,3.392857143,3.617283951,3.449612403
"Tuscaloosa, AL",80,3.7625,31,4,18,14,11,2,4.096774194,4.5,3.444444444,3.285714286,3.727272727,3.5,10,5,,65,4,4.2,,3.692307692,8,56,9,7,4.5,3.517857143,4,4.571428571,20,24,36,4.4,3.541666667,3.555555556
"Tyler, TX",57,3.50877193,24,2,19,7,3,2,3.416666667,3,3.684210526,2.857142857,4,5,4,5,,48,2.25,3.2,,3.645833333,5,43,3,6,3.8,3.441860465,3.666666667,3.666666667,18,19,20,3.888888889,3.052631579,3.6
"Urban Honolulu, HI",46,3.717391304,21,1,15,6,3,,3.761904762,5,3.6,3.5,4,,,10,,36,,4.3,,3.555555556,1,43,1,1,5,3.674418605,5,3,8,20,18,3.625,3.9,3.555555556
"Utica-Rome, NY",29,3.620689655,7,2,13,6,1,,3.857142857,2.5,3.384615385,4,5,,2,2,,25,4.5,2.5,,3.64,1,24,2,2,5,3.625,3.5,3,6,7,16,4,3.857142857,3.375
"Valdosta, GA",53,3.660377358,18,3,16,8,2,6,3.722222222,3,3.375,3.875,4.5,4,6,6,,41,4,3.5,,3.634146341,1,40,9,3,3,3.65,3.666666667,4,11,22,20,4.090909091,3.545454545,3.55
"Vallejo, CA",75,3.386666667,30,1,27,7,5,5,2.866666667,4,3.740740741,3.857142857,3.6,3.6,2,6,,67,4,3.333333333,,3.373134328,7,61,4,3,3,3.344262295,4,4.333333333,9,30,36,3,3.4,3.472222222
"Victoria, TX",19,3.631578947,8,2,4,4,1,,3.375,5,3.5,4.25,1,,1,4,,14,5,2.75,,3.785714286,2,15,2,,4,3.466666667,4.5,,3,12,4,4.333333333,3.333333333,4
"Vineland-Bridgeton, NJ",17,3.470588235,5,1,6,,4,1,3,3,3.333333333,,4,5,,,,17,,,,3.470588235,1,15,1,,4,3.466666667,3,,3,2,12,3.333333333,4,3.416666667
"Virginia Beach-Norfolk-Newport News, VA-NC",656,3.490853659,227,23,200,115,58,33,3.352422907,3.739130435,3.505,3.556521739,3.75862069,3.484848485,45,100,2,509,4.022222222,3.67,3.5,3.408644401,40,490,63,63,3.325,3.465306122,3.412698413,3.873015873,177,223,256,3.638418079,3.493273543,3.38671875
"Visalia, CA",47,3.808510638,17,1,17,6,5,1,3.882352941,5,3.764705882,3.5,4,3,,1,,46,,5,,3.782608696,4,40,2,1,3.75,3.775,4,5,6,18,23,4.166666667,3.611111111,3.869565217
"Waco, TX",89,3.606741573,37,2,35,12,3,,3.135135135,5,3.742857143,4.25,4.333333333,,3,10,5,71,4,3.7,3.6,3.577464789,5,75,5,4,4,3.52,4.4,3.75,16,39,34,3.5,4.025641026,3.176470588
"Walla Walla, WA",7,3.857142857,2,1,2,1,1,,5,3,2.5,4,5,,1,,,6,3,,,4,,7,,,,3.857142857,,,,5,2,,3.8,4
"Warner Robins, GA",61,3.557377049,18,3,25,9,5,1,3.333333333,4.666666667,3.48,3.888888889,3.6,3,2,6,,53,4.5,3.833333333,,3.490566038,6,46,5,4,4.166666667,3.413043478,3.6,4.25,15,30,16,3.866666667,3.433333333,3.5
"Washington-Arlington-Alexandria, DC-VA-MD-WV",1808,3.6875,543,85,540,342,212,86,3.570902394,4.058823529,3.65,3.643274854,3.79245283,4.209302326,129,565,2,1112,3.612403101,4.061946903,2.5,3.508093525,65,1189,147,407,3.353846154,3.592094197,3.469387755,4.098280098,618,604,586,3.909385113,3.67384106,3.467576792
"Waterloo-Cedar Falls, IA",33,3.696969697,6,,14,9,3,1,3.666666667,,3.571428571,3.888888889,4,3,4,2,,27,2.5,4,,3.851851852,3,26,,4,3,3.884615385,,3,9,7,17,2.666666667,4.285714286,4
"Watertown-Fort Drum, NY",20,3.35,13,,4,2,1,,3.384615385,,3.5,4,1,,,4,,16,,2.5,,3.5625,4,15,,1,2.75,3.4,,5,5,4,11,3.2,3,3.545454545
"Wausau-Weston, WI",9,4,3,,2,2,1,1,4.666666667,,4,4.5,1,4,,,,9,,,,4,,8,1,,,4,4,,,1,8,,5,3.875
"Weirton-Steubenville, WV-OH",9,3.222222222,6,,2,1,,,4,,2,1,,,,,,9,,,,3.222222222,,9,,,,3.222222222,,,,5,4,,3,3.5
"Wenatchee, WA",12,3.416666667,6,1,2,1,2,,3.333333333,4,4.5,3,2.5,,,2,,10,,5,,3.1,,11,,1,,3.272727273,,5,5,1,6,3.8,4,3
"Wheeling, WV-OH",9,3.444444444,4,1,2,2,,,3.75,4,1.5,4.5,,,1,,,8,2,,,3.625,,6,,3,,3.833333333,,2.666666667,2,3,4,3,3,4
"Wichita Falls, TX",16,3.75,8,,3,1,3,1,3.375,,4,5,3.666666667,5,,3,,13,,3,,3.923076923,,13,2,1,,3.923076923,2,5,1,9,6,5,3.888888889,3.333333333
"Wichita, KS",160,3.46875,63,5,52,27,7,6,3.444444444,4,3.173076923,3.703703704,3.714285714,4.5,3,33,,124,4,3.666666667,,3.403225806,9,129,9,13,2.888888889,3.449612403,3.888888889,3.769230769,46,57,57,3.630434783,3.385964912,3.421052632
"Williamsport, PA",13,3.461538462,4,,2,6,,1,3,,4,3.333333333,,5,,3,,10,,3.666666667,,3.4,1,9,1,2,4,3.555555556,1,4,1,8,4,5,3.125,3.75
"Wilmington, NC",80,3.4625,28,3,31,12,5,1,3.142857143,4.666666667,3.419354839,4.083333333,3.2,4,3,4,,73,4.666666667,3.75,,3.397260274,3,66,6,5,2.666666667,3.46969697,3.666666667,3.6,15,24,41,3.4,3.291666667,3.585365854
"Winchester, VA-WV",33,3.606060606,14,,8,6,4,1,3.714285714,,4.25,2.833333333,3.25,3,1,4,,28,4,4,,3.535714286,1,30,2,,1,3.666666667,4,,3,15,15,3.666666667,3.733333333,3.466666667
"Winston-Salem, NC",156,3.596153846,45,8,56,25,16,6,3.488888889,3.875,3.625,3.4,3.8125,4,7,9,,140,3.285714286,3.777777778,,3.6,8,123,13,12,3.625,3.569105691,3.307692308,4.166666667,29,51,76,3.793103448,3.647058824,3.486842105
"Worcester, MA-CT",86,3.465116279,32,2,19,21,9,3,3.21875,5,2.894736842,3.857142857,4.222222222,3.666666667,4,21,,61,2.75,3.761904762,,3.409836066,8,67,6,5,3.5,3.343283582,3.666666667,4.8,18,34,34,3.722222222,3.764705882,3.029411765
"Yakima, WA",26,3.653846154,7,,12,1,5,1,3.142857143,,4,4,3.8,2,2,,,24,5,,,3.541666667,3,20,1,2,4.333333333,3.4,5,4.5,7,5,14,4.428571429,3.2,3.428571429
"York-Hanover, PA",65,3.323076923,23,1,17,17,6,1,3.086956522,3,3.058823529,3.764705882,3.833333333,3,1,3,,61,3,4,,3.295081967,6,55,4,,3.5,3.309090909,3.25,,11,25,29,4,2.92,3.413793103
"Youngstown-Warren-Boardman, OH-PA",66,3.515151515,20,4,22,11,6,3,3.45,2.75,3.772727273,3.272727273,3.5,4,2,5,,59,4.5,4,,3.440677966,3,56,3,4,3.333333333,3.482142857,3,4.5,11,21,34,4.090909091,3.476190476,3.352941176
"Yuba City, CA",20,3.75,10,,6,4,,,3.7,,4,3.5,,,,3,,17,,4.333333333,,3.647058824,2,18,,,4.5,3.666666667,,,6,9,5,3.833333333,4,3.2
"Yuma, AZ",27,3.555555556,7,,10,6,3,1,4,,3.7,3.166666667,3,3,1,5,,21,4,4,,3.428571429,2,19,5,1,4.5,3.578947368,3,4,5,10,12,4,3.4,3.5
