geoid,cbsaname20,sample_size,avg_rating,job_n_LESS THAN 1 YEAR,job_n_MORE THAN  10 YEARS,job_n_MORE THAN 1 YEAR,job_n_MORE THAN 3 YEARS,job_n_MORE THAN 5 YEARS,job_n_MORE THAN 8 YEARS,job_mean_LESS THAN 1 YEAR,job_mean_MORE THAN  10 YEARS,job_mean_MORE THAN 1 YEAR,job_mean_MORE THAN 3 YEARS,job_mean_MORE THAN 5 YEARS,job_mean_MORE THAN 8 YEARS,biz_n_Catering,biz_n_Hotel,biz_n_Others,biz_n_Restaurant,biz_mean_Catering,biz_mean_Hotel,biz_mean_Others,biz_mean_Restaurant,skill_n_1,skill_n_2,skill_n_3,skill_n_4,skill_mean_1,skill_mean_2,skill_mean_3,skill_mean_4,fohboh_n_BOH,fohboh_n_FOH,fohboh_n_Mix,fohboh_mean_BOH,fohboh_mean_FOH,fohboh_mean_Mix
10180,"Abilene, TX",30,3.766666667,12.0,,9.0,5.0,2.0,2.0,3.916666667,,3.777777778,4.0,2.0,4.0,1.0,4.0,,25,4.0,3.75,,3.76,,24,4.0,2.0,,3.75,4.5,2.5,7.0,10.0,13,4.0,3.5,3.846153846
10420,"Akron, OH",212,3.438679245,68.0,9.0,55.0,49.0,22.0,9.0,3.441176471,2.444444444,3.672727273,3.285714286,3.409090909,3.888888889,5.0,14.0,4.0,189,4.0,3.857142857,2.75,3.407407407,7.0,162,17.0,26.0,2.571428571,3.456790123,3.529411765,3.5,44.0,70.0,98,3.363636364,3.642857143,3.326530612
10500,"Albany, GA",37,3.864864865,15.0,2.0,11.0,3.0,5.0,1.0,4.2,5.0,3.545454545,4.0,3.2,3.0,3.0,1.0,,33,4.0,2.0,,3.909090909,5.0,27,2.0,3.0,4.8,3.888888889,2.5,3.0,13.0,14.0,10,4.076923077,4.071428571,3.3
10540,"Albany-Lebanon, OR",5,3.0,2.0,,1.0,,1.0,1.0,3.0,,5.0,,1.0,3.0,,2.0,,3,,4.0,,2.333333333,,4,,1.0,,2.5,,5.0,3.0,1.0,1,3.666666667,3.0,1.0
10580,"Albany-Schenectady-Troy, NY",124,3.60483871,44.0,2.0,34.0,27.0,11.0,6.0,3.681818182,3.0,3.441176471,3.555555556,3.818181818,4.0,10.0,20.0,,94,4.2,4.1,,3.436170213,9.0,94,8.0,13.0,3.777777778,3.521276596,3.75,4.0,30.0,49.0,45,3.8,3.714285714,3.355555556
10740,"Albuquerque, NM",161,3.378881988,51.0,4.0,57.0,29.0,13.0,7.0,3.137254902,4.25,3.473684211,3.551724138,3.153846154,3.571428571,1.0,23.0,,137,5.0,3.782608696,,3.299270073,11.0,128,11.0,11.0,3.181818182,3.234375,3.909090909,4.727272727,34.0,62.0,65,3.764705882,3.258064516,3.292307692
10780,"Alexandria, LA",23,3.652173913,11.0,1.0,5.0,5.0,,1.0,3.818181818,5.0,3.8,2.8,,4.0,1.0,4.0,,18,2.0,4.75,,3.5,2.0,18,1.0,2.0,4.5,3.388888889,4.0,5.0,6.0,10.0,7,4.5,3.3,3.428571429
10900,"Allentown-Bethlehem-Easton, PA-NJ",138,3.615942029,44.0,13.0,40.0,19.0,17.0,5.0,3.545454545,3.230769231,3.425,4.105263158,4.058823529,3.4,25.0,11.0,,102,3.68,3.636363636,,3.598039216,6.0,97,14.0,21.0,3.666666667,3.587628866,3.357142857,3.904761905,39.0,43.0,56,3.769230769,3.465116279,3.625
11020,"Altoona, PA",25,3.64,8.0,1.0,10.0,3.0,2.0,1.0,3.375,2.0,3.9,3.666666667,4.5,3.0,,4.0,,21,,4.0,,3.571428571,2.0,20,3.0,,3.5,3.55,4.333333333,,3.0,15.0,7,3.333333333,3.733333333,3.571428571
11100,"Amarillo, TX",48,3.8125,18.0,1.0,18.0,6.0,3.0,2.0,3.944444444,3.0,3.611111111,4.166666667,3.0,5.0,3.0,4.0,,41,3.333333333,4.5,,3.780487805,6.0,37,4.0,1.0,3.5,3.945945946,3.0,4.0,12.0,14.0,22,3.75,4.071428571,3.681818182
11180,"Ames, IA",40,3.675,10.0,,17.0,12.0,,1.0,3.9,,3.588235294,3.666666667,,3.0,,4.0,,36,,3.5,,3.694444444,2.0,32,3.0,3.0,3.5,3.6875,3.666666667,3.666666667,6.0,15.0,19,3.166666667,3.733333333,3.789473684
11260,"Anchorage, AK",60,3.783333333,23.0,3.0,15.0,9.0,4.0,6.0,3.652173913,4.333333333,3.8,3.333333333,4.25,4.333333333,2.0,14.0,,44,4.0,3.928571429,,3.727272727,5.0,47,3.0,5.0,4.2,3.70212766,3.333333333,4.4,13.0,21.0,26,4.230769231,3.571428571,3.730769231
11460,"Ann Arbor, MI",141,3.524822695,48.0,5.0,48.0,28.0,8.0,4.0,3.833333333,3.2,3.270833333,3.321428571,4.125,3.5,2.0,13.0,,126,4.0,3.461538462,,3.523809524,6.0,95,11.0,29.0,3.333333333,3.431578947,3.727272727,3.793103448,54.0,37.0,50,3.740740741,3.351351351,3.42
11500,"Anniston-Oxford, AL",30,3.666666667,12.0,3.0,8.0,4.0,2.0,1.0,3.333333333,4.333333333,3.25,4.25,4.5,5.0,3.0,,,27,4.0,,,3.62962963,,24,2.0,4.0,,3.5,3.5,4.75,8.0,5.0,17,4.0,5.0,3.117647059
11540,"Appleton, WI",34,3.529411765,10.0,,11.0,7.0,1.0,5.0,2.9,,3.636363636,3.857142857,5.0,3.8,,5.0,,29,,3.4,,3.551724138,,25,6.0,3.0,,3.48,4.0,3.0,7.0,11.0,16,2.714285714,3.909090909,3.625
11700,"Asheville, NC",154,3.818181818,42.0,13.0,49.0,26.0,16.0,8.0,3.452380952,4.307692308,3.755102041,3.884615385,4.0,4.75,14.0,59.0,,81,4.285714286,4.118644068,,3.518518519,7.0,104,18.0,25.0,3.142857143,3.788461538,3.777777778,4.16,47.0,65.0,42,3.872340426,3.769230769,3.833333333
12020,"Athens-Clarke County, GA",5,2.8,3.0,,1.0,,1.0,,3.0,,1.0,,4.0,,,,,5,,,,2.8,1.0,2,2.0,,1.0,2.0,4.5,,2.0,,3,2.0,,3.333333333
12060,"Atlanta-Sandy Springs-Alpharetta, GA",2674,3.578534031,872.0,122.0,849.0,436.0,266.0,129.0,3.393348624,4.180327869,3.502944641,3.697247706,3.766917293,3.968992248,135.0,476.0,21.0,2042,3.918518519,3.878151261,3.142857143,3.490695397,131.0,1881,222.0,440.0,3.480916031,3.460393408,3.635135135,4.084090909,761.0,876.0,1037,3.843626807,3.517123288,3.43587271
12100,"Atlantic City-Hammonton, NJ",51,3.68627451,9.0,3.0,18.0,12.0,6.0,3.0,4.0,3.333333333,3.555555556,3.666666667,3.833333333,3.666666667,2.0,23.0,,26,1.5,4.130434783,,3.461538462,2.0,43,4.0,2.0,2.5,3.744186047,4.25,2.5,14.0,27.0,10,3.571428571,4.0,3.0
12220,"Auburn-Opelika, AL",65,3.553846154,27.0,,22.0,10.0,5.0,1.0,3.851851852,,3.5,3.5,2.2,4.0,6.0,9.0,,50,3.5,4.111111111,,3.46,8.0,43,8.0,6.0,3.875,3.488372093,3.25,4.0,20.0,16.0,29,4.15,3.875,2.965517241
12260,"Augusta-Richmond County, GA-SC",66,3.333333333,21.0,5.0,25.0,11.0,4.0,,3.095238095,3.8,3.24,3.636363636,3.75,,1.0,3.0,,62,4.0,3.333333333,,3.322580645,,62,3.0,1.0,,3.338709677,3.666666667,2.0,11.0,22.0,33,3.363636364,3.318181818,3.333333333
12420,"Austin-Round Rock-Georgetown, TX",915,3.569398907,329.0,30.0,312.0,135.0,82.0,27.0,3.510638298,4.466666667,3.46474359,3.644444444,3.707317073,3.703703704,28.0,258.0,3.0,626,3.428571429,3.751937984,3.333333333,3.501597444,52.0,664,89.0,110.0,3.538461538,3.509036145,3.606741573,3.918181818,231.0,376.0,308,3.662337662,3.57712766,3.49025974
12540,"Bakersfield, CA",100,3.54,33.0,3.0,34.0,16.0,8.0,6.0,3.515151515,2.0,3.588235294,3.5,4.0,3.666666667,5.0,6.0,,89,3.6,3.0,,3.573033708,3.0,84,9.0,4.0,3.666666667,3.595238095,3.111111111,3.25,16.0,32.0,52,3.625,3.625,3.461538462
12580,"Baltimore-Columbia-Towson, MD",596,3.583892617,195.0,22.0,193.0,118.0,48.0,20.0,3.584615385,4.318181818,3.476683938,3.542372881,3.791666667,3.55,44.0,99.0,,453,3.795454545,3.919191919,,3.490066225,37.0,451,45.0,63.0,3.594594595,3.525498891,3.555555556,4.015873016,133.0,231.0,232,3.857142857,3.558441558,3.452586207
12620,"Bangor, ME",22,2.909090909,5.0,,7.0,7.0,1.0,2.0,2.6,,2.428571429,3.142857143,2.0,5.0,1.0,3.0,,18,2.0,3.666666667,,2.833333333,3.0,14,1.0,4.0,3.666666667,2.857142857,3.0,2.5,7.0,6.0,9,3.142857143,2.833333333,2.777777778
12700,"Barnstable Town, MA",6,2.333333333,,,3.0,3.0,,,,,2.0,2.666666667,,,1.0,1.0,,4,3.0,4.0,,1.75,,4,1.0,1.0,,2.5,1.0,3.0,2.0,,4,3.5,,1.75
12940,"Baton Rouge, LA",204,3.568627451,63.0,3.0,70.0,46.0,14.0,8.0,3.492063492,3.666666667,3.371428571,3.608695652,4.5,4.0,12.0,27.0,,165,3.833333333,3.740740741,,3.521212121,8.0,147,28.0,21.0,3.0,3.517006803,3.535714286,4.19047619,41.0,72.0,91,3.756097561,3.347222222,3.659340659
12980,"Battle Creek, MI",11,3.454545455,2.0,,6.0,1.0,2.0,,3.0,,3.5,3.0,4.0,,,1.0,,10,,3.0,,3.5,1.0,10,,,5.0,3.3,,,1.0,3.0,7,5.0,3.666666667,3.142857143
13020,"Bay City, MI",12,3.583333333,5.0,,3.0,3.0,1.0,,3.2,,3.666666667,3.666666667,5.0,,,1.0,,11,,1.0,,3.818181818,1.0,10,1.0,,4.0,3.8,1.0,,1.0,6.0,5,4.0,3.666666667,3.4
13140,"Beaumont-Port Arthur, TX",82,3.792682927,33.0,2.0,17.0,17.0,8.0,5.0,3.454545455,5.0,3.941176471,3.941176471,3.75,4.6,2.0,6.0,,74,3.5,3.166666667,,3.851351351,4.0,66,8.0,4.0,3.5,3.742424242,4.25,4.0,14.0,26.0,42,3.857142857,3.615384615,3.880952381
13220,"Beckley, WV",20,3.3,7.0,,8.0,4.0,,1.0,3.285714286,,3.5,2.5,,5.0,,,,20,,,,3.3,2.0,18,,,5.0,3.111111111,,,5.0,11.0,4,3.0,3.727272727,2.5
13380,"Bellingham, WA",46,3.326086957,19.0,,7.0,15.0,4.0,1.0,3.421052632,,2.714285714,3.266666667,3.75,5.0,7.0,3.0,,36,3.142857143,3.333333333,,3.361111111,1.0,40,4.0,1.0,1.0,3.4,3.5,2.0,9.0,15.0,22,2.777777778,3.4,3.5
13460,"Bend, OR",31,3.64516129,13.0,,15.0,2.0,,1.0,3.769230769,,3.666666667,3.0,,3.0,,6.0,,25,,4.0,,3.56,2.0,26,3.0,,5.0,3.653846154,2.666666667,,4.0,10.0,17,4.0,3.2,3.823529412
13740,"Billings, MT",29,3.413793103,10.0,1.0,12.0,4.0,1.0,1.0,3.0,4.0,3.416666667,4.0,5.0,3.0,1.0,7.0,,21,3.0,3.571428571,,3.380952381,4.0,19,2.0,4.0,2.5,3.368421053,4.0,4.25,12.0,6.0,11,3.583333333,3.0,3.454545455
13780,"Binghamton, NY",38,3.736842105,14.0,1.0,11.0,6.0,5.0,1.0,3.857142857,5.0,3.272727273,3.666666667,4.0,5.0,10.0,5.0,,23,4.1,3.6,,3.608695652,2.0,28,2.0,6.0,4.5,3.428571429,4.5,4.666666667,9.0,16.0,13,4.444444444,3.75,3.230769231
13820,"Birmingham-Hoover, AL",312,3.605769231,112.0,9.0,96.0,51.0,28.0,16.0,3.348214286,3.888888889,3.708333333,3.647058824,3.714285714,4.3125,18.0,38.0,1.0,255,4.666666667,3.605263158,5.0,3.525490196,23.0,230,27.0,32.0,3.260869565,3.539130435,3.703703704,4.25,73.0,126.0,113,3.712328767,3.547619048,3.601769912
13900,"Bismarck, ND",15,3.666666667,2.0,1.0,10.0,1.0,1.0,,3.5,4.0,3.7,2.0,5.0,,1.0,3.0,,11,2.0,3.666666667,,3.818181818,,8,3.0,4.0,,3.5,4.0,3.75,5.0,5.0,5,3.6,4.0,3.4
13980,"Blacksburg-Christiansburg, VA",58,3.344827586,16.0,1.0,25.0,13.0,1.0,2.0,3.4375,5.0,3.32,2.923076923,5.0,4.0,2.0,5.0,,51,3.5,3.8,,3.294117647,3.0,48,3.0,4.0,3.333333333,3.270833333,5.0,3.0,11.0,29.0,18,3.636363636,3.551724138,2.833333333
14010,"Bloomington, IL",59,3.915254237,16.0,1.0,24.0,9.0,7.0,2.0,3.625,4.0,3.875,4.555555556,3.714285714,4.5,,3.0,,56,,4.333333333,,3.892857143,2.0,51,4.0,2.0,3.0,3.921568627,4.25,4.0,4.0,28.0,27,2.75,4.178571429,3.814814815
14020,"Bloomington, IN",72,3.777777778,32.0,,25.0,9.0,6.0,,3.8125,,3.88,3.333333333,3.833333333,,1.0,6.0,,65,3.0,3.833333333,,3.784615385,3.0,63,6.0,,3.666666667,3.825396825,3.333333333,,4.0,29.0,39,4.0,3.689655172,3.820512821
14100,"Bloomsburg-Berwick, PA",14,3.571428571,4.0,,4.0,3.0,1.0,2.0,3.75,,3.75,3.0,5.0,3.0,3.0,1.0,,10,3.333333333,3.0,,3.7,,10,1.0,3.0,,3.5,4.0,3.666666667,5.0,5.0,4,3.6,3.2,4.0
14260,"Boise City, ID",85,3.352941176,33.0,4.0,32.0,6.0,8.0,2.0,3.303030303,2.25,3.34375,3.0,4.125,4.5,1.0,8.0,,76,1.0,3.375,,3.381578947,3.0,71,5.0,6.0,3.0,3.422535211,3.0,3.0,13.0,29.0,43,3.153846154,3.344827586,3.418604651
14460,"Boston-Cambridge-Newton, MA-NH",753,3.613545817,240.0,35.0,232.0,121.0,85.0,40.0,3.583333333,4.085714286,3.564655172,3.454545455,3.752941176,3.85,83.0,201.0,2.0,467,3.481927711,3.915422886,3.5,3.507494647,29.0,517,62.0,145.0,3.827586207,3.553191489,3.516129032,3.827586207,242.0,241.0,270,3.727272727,3.676348548,3.455555556
14500,"Boulder, CO",70,3.642857143,24.0,,27.0,10.0,6.0,3.0,3.75,,3.37037037,4.0,3.833333333,3.666666667,3.0,9.0,,58,2.0,4.111111111,,3.655172414,4.0,59,,7.0,3.75,3.677966102,,3.285714286,13.0,26.0,31,2.846153846,3.846153846,3.806451613
14540,"Bowling Green, KY",69,3.782608696,21.0,4.0,22.0,11.0,8.0,3.0,3.619047619,4.25,4.0,3.454545455,4.0,3.333333333,14.0,5.0,,50,4.285714286,3.8,,3.64,3.0,43,10.0,13.0,3.0,3.534883721,4.4,4.307692308,21.0,21.0,27,4.142857143,3.714285714,3.555555556
14740,"Bremerton-Silverdale-Port Orchard, WA",38,3.578947368,15.0,1.0,17.0,3.0,2.0,,3.666666667,5.0,3.529411765,3.333333333,3.0,,1.0,,,37,5.0,,,3.540540541,1.0,32,4.0,1.0,3.0,3.6875,2.5,5.0,1.0,10.0,27,5.0,3.5,3.555555556
15180,"Brownsville-Harlingen, TX",52,3.730769231,19.0,,20.0,9.0,4.0,,3.421052632,,4.1,3.888888889,3.0,,1.0,5.0,,46,2.0,4.2,,3.717391304,3.0,47,1.0,1.0,5.0,3.659574468,2.0,5.0,10.0,16.0,26,4.0,3.9375,3.5
15260,"Brunswick, GA",19,3.684210526,8.0,2.0,5.0,4.0,,,4.25,3.0,3.8,2.75,,,3.0,2.0,,14,3.0,5.0,,3.642857143,,11,3.0,5.0,,3.545454545,3.666666667,4.0,7.0,3.0,9,3.428571429,3.666666667,3.888888889
15380,"Buffalo-Cheektowaga, NY",208,3.375,50.0,9.0,66.0,48.0,27.0,8.0,3.28,4.111111111,3.348484848,3.333333333,3.481481481,3.25,34.0,15.0,,159,3.852941176,3.466666667,,3.264150943,6.0,149,23.0,30.0,3.666666667,3.288590604,3.0,4.033333333,56.0,64.0,88,3.857142857,3.171875,3.215909091
15500,"Burlington, NC",30,3.433333333,11.0,,9.0,5.0,4.0,1.0,3.454545455,,3.555555556,3.0,4.0,2.0,1.0,3.0,,26,3.0,2.666666667,,3.538461538,3.0,25,1.0,1.0,2.666666667,3.44,4.0,5.0,7.0,15.0,8,3.142857143,3.666666667,3.25
15540,"Burlington-South Burlington, VT",34,3.529411765,17.0,2.0,10.0,2.0,1.0,2.0,3.588235294,4.5,3.1,3.5,3.0,4.5,3.0,8.0,,23,3.0,4.125,,3.391304348,2.0,27,4.0,1.0,4.5,3.296296296,4.25,5.0,8.0,17.0,9,3.5,3.588235294,3.444444444
15680,"California-Lexington Park, MD",24,3.916666667,8.0,2.0,5.0,5.0,4.0,,4.25,5.0,3.6,3.4,3.75,,,1.0,1.0,22,,3.0,5.0,3.909090909,2.0,19,2.0,1.0,4.0,3.842105263,4.0,5.0,3.0,8.0,13,4.333333333,4.375,3.538461538
15940,"Canton-Massillon, OH",96,3.53125,34.0,2.0,30.0,17.0,10.0,3.0,3.411764706,3.5,3.566666667,3.764705882,3.7,2.666666667,2.0,8.0,,86,3.5,3.75,,3.511627907,6.0,74,10.0,6.0,3.666666667,3.472972973,3.6,4.0,16.0,27.0,53,3.75,3.518518519,3.471698113
15980,"Cape Coral-Fort Myers, FL",161,3.552795031,44.0,7.0,64.0,28.0,13.0,5.0,3.5,3.571428571,3.5,3.75,3.538461538,3.6,2.0,23.0,,136,5.0,3.913043478,,3.470588235,8.0,129,16.0,8.0,3.375,3.434108527,4.125,4.5,23.0,72.0,66,3.608695652,3.680555556,3.393939394
16020,"Cape Girardeau, MO-IL",30,3.333333333,7.0,1.0,15.0,2.0,4.0,1.0,3.428571429,5.0,2.933333333,3.5,3.75,5.0,1.0,5.0,,24,2.0,4.0,,3.25,5.0,23,,2.0,3.0,3.304347826,,4.5,9.0,14.0,7,3.0,3.5,3.428571429
16060,"Carbondale-Marion, IL",33,3.696969697,8.0,1.0,16.0,6.0,2.0,,4.25,3.0,3.6875,3.5,2.5,,,5.0,,28,,3.8,,3.678571429,2.0,25,3.0,3.0,4.0,3.8,3.666666667,2.666666667,9.0,10.0,14,3.777777778,3.4,3.857142857
16180,"Carson City, NV",8,3.0,4.0,,3.0,,,1.0,2.0,,3.666666667,,,5.0,,,,8,,,,3.0,,8,,,,3.0,,,,4.0,4,,2.25,3.75
16220,"Casper, WY",12,3.916666667,6.0,1.0,3.0,2.0,,,3.333333333,5.0,5.0,3.5,,,1.0,1.0,,10,4.0,5.0,,3.8,,8,1.0,3.0,,4.375,1.0,3.666666667,4.0,4.0,4,3.75,4.0,4.0
16300,"Cedar Rapids, IA",50,3.72,19.0,1.0,16.0,8.0,4.0,2.0,4.0,3.0,3.5625,3.625,3.25,4.0,1.0,4.0,,45,5.0,4.0,,3.666666667,3.0,42,3.0,2.0,4.333333333,3.714285714,3.0,4.0,11.0,16.0,23,3.636363636,4.25,3.391304348
16540,"Chambersburg-Waynesboro, PA",15,3.2,5.0,,4.0,4.0,2.0,,3.8,,3.5,2.75,2.0,,1.0,,,14,5.0,,,3.071428571,,14,1.0,,,3.357142857,1.0,,1.0,4.0,10,5.0,3.5,2.9
16580,"Champaign-Urbana, IL",71,3.661971831,27.0,1.0,29.0,11.0,2.0,1.0,3.777777778,5.0,3.620689655,3.363636364,4.0,3.0,1.0,3.0,,67,3.0,5.0,,3.611940299,3.0,54,4.0,10.0,3.666666667,3.740740741,4.25,3.0,16.0,23.0,32,2.9375,4.173913043,3.65625
16620,"Charleston, WV",61,3.68852459,21.0,6.0,14.0,11.0,7.0,2.0,3.857142857,3.333333333,3.5,4.090909091,3.142857143,4.0,8.0,14.0,,39,4.25,3.785714286,,3.538461538,7.0,36,5.0,13.0,4.0,3.583333333,4.0,3.692307692,21.0,21.0,19,3.714285714,3.952380952,3.368421053
16700,"Charleston-North Charleston, SC",257,3.680933852,99.0,6.0,71.0,47.0,25.0,9.0,3.646464646,4.166666667,3.366197183,3.936170213,4.08,3.777777778,15.0,69.0,,173,3.466666667,4.0,,3.572254335,14.0,189,22.0,32.0,3.714285714,3.656084656,3.5,3.9375,71.0,85.0,101,3.929577465,3.388235294,3.752475248
16740,"Charlotte-Concord-Gastonia, NC-SC",1019,3.566241413,331.0,43.0,326.0,182.0,93.0,44.0,3.50755287,4.069767442,3.515337423,3.516483516,3.655913978,3.909090909,57.0,154.0,,808,3.666666667,3.75974026,,3.522277228,41.0,721,93.0,164.0,3.56097561,3.459084605,3.612903226,4.012195122,297.0,350.0,372,3.777777778,3.448571429,3.508064516
16820,"Charlottesville, VA",71,3.732394366,20.0,8.0,21.0,15.0,5.0,2.0,3.7,4.5,3.523809524,3.866666667,3.6,2.5,19.0,13.0,,39,3.842105263,4.307692308,,3.487179487,3.0,45,8.0,15.0,4.333333333,3.444444444,3.625,4.533333333,27.0,17.0,27,4.333333333,3.470588235,3.296296296
16860,"Chattanooga, TN-GA",136,3.544117647,50.0,5.0,35.0,24.0,14.0,8.0,3.44,4.6,3.828571429,3.333333333,3.142857143,3.625,9.0,12.0,,115,3.333333333,3.833333333,,3.530434783,7.0,111,9.0,9.0,3.571428571,3.486486486,3.444444444,4.333333333,29.0,53.0,54,3.655172414,3.547169811,3.481481481
16940,"Cheyenne, WY",13,3.076923077,6.0,,4.0,1.0,1.0,1.0,3.333333333,,2.5,5.0,4.0,1.0,,2.0,,11,,3.5,,3.0,1.0,11,1.0,,2.0,3.363636364,1.0,,1.0,2.0,10,2.0,5.0,2.8
16980,"Chicago-Naperville-Elgin, IL-IN-WI",2598,3.621632025,757.0,122.0,834.0,470.0,280.0,135.0,3.582562748,3.991803279,3.582733813,3.653191489,3.546428571,3.792592593,174.0,429.0,3.0,1992,3.477011494,4.090909091,4.333333333,3.532128514,141.0,1807,241.0,409.0,3.687943262,3.560597676,3.539419087,3.916870416,719.0,767.0,1112,3.802503477,3.658409387,3.479316547
17020,"Chico, CA",40,3.575,11.0,1.0,15.0,10.0,2.0,1.0,3.727272727,1.0,3.666666667,3.6,3.5,3.0,1.0,5.0,,34,1.0,2.8,,3.764705882,1.0,34,4.0,1.0,3.0,3.676470588,2.5,5.0,5.0,12.0,23,3.2,3.333333333,3.782608696
17140,"Cincinnati, OH-KY-IN",616,3.474025974,205.0,19.0,200.0,113.0,53.0,26.0,3.297560976,3.842105263,3.535,3.601769912,3.566037736,3.384615385,13.0,91.0,,512,3.0,3.549450549,,3.47265625,36.0,484,43.0,53.0,3.416666667,3.450413223,3.441860465,3.754716981,119.0,238.0,259,3.605042017,3.487394958,3.401544402
17300,"Clarksville, TN-KY",67,3.776119403,29.0,1.0,23.0,8.0,4.0,2.0,3.655172414,1.0,3.869565217,4.0,4.5,3.5,,4.0,,63,,4.5,,3.73015873,4.0,56,5.0,2.0,4.25,3.803571429,3.0,4.0,10.0,27.0,30,3.6,3.777777778,3.833333333
17420,"Cleveland, TN",31,3.709677419,12.0,1.0,5.0,9.0,4.0,,3.583333333,3.0,3.0,4.222222222,4.0,,8.0,2.0,,21,3.875,4.5,,3.571428571,4.0,25,1.0,1.0,3.5,3.72,3.0,5.0,6.0,15.0,10,4.0,4.066666667,3.0
17460,"Cleveland-Elyria, OH",579,3.480138169,169.0,26.0,181.0,116.0,53.0,34.0,3.272189349,3.730769231,3.464088398,3.517241379,3.679245283,3.970588235,43.0,82.0,1.0,453,3.720930233,3.707317073,3.0,3.417218543,58.0,421,54.0,46.0,3.431034483,3.42280285,3.62962963,3.891304348,153.0,168.0,258,3.437908497,3.517857143,3.480620155
17660,"Coeur dAlene, ID",11,3.727272727,4.0,2.0,2.0,1.0,2.0,,3.25,4.0,3.5,3.0,5.0,,,2.0,,9,,3.5,,3.777777778,2.0,8,1.0,,4.0,3.625,4.0,,2.0,2.0,7,4.0,3.0,3.857142857
17780,"College Station-Bryan, TX",125,3.712,55.0,2.0,43.0,18.0,7.0,,3.963636364,3.0,3.674418605,3.166666667,3.571428571,,1.0,16.0,,108,4.0,3.75,,3.703703704,8.0,108,4.0,5.0,3.75,3.740740741,3.25,3.4,24.0,55.0,46,3.375,3.836363636,3.739130435
17820,"Colorado Springs, CO",213,3.469483568,74.0,2.0,79.0,30.0,21.0,7.0,3.364864865,4.0,3.455696203,3.866666667,3.380952381,3.142857143,8.0,32.0,,173,3.625,3.9375,,3.375722543,12.0,172,16.0,13.0,3.25,3.453488372,3.3125,4.076923077,41.0,80.0,92,3.658536585,3.65,3.22826087
17860,"Columbia, MO",88,3.602272727,26.0,2.0,34.0,18.0,7.0,1.0,3.615384615,3.5,3.588235294,3.833333333,3.0,4.0,,11.0,,77,,3.454545455,,3.623376623,2.0,79,2.0,5.0,3.0,3.620253165,3.0,3.8,13.0,45.0,30,3.461538462,3.8,3.366666667
17900,"Columbia, SC",258,3.550387597,96.0,10.0,86.0,34.0,24.0,8.0,3.489583333,3.5,3.465116279,3.764705882,3.708333333,3.875,9.0,20.0,,229,3.444444444,4.0,,3.515283843,14.0,207,23.0,14.0,4.142857143,3.497584541,3.739130435,3.428571429,54.0,91.0,113,3.518518519,3.714285714,3.433628319
17980,"Columbus, GA-AL",99,3.484848485,40.0,3.0,28.0,11.0,15.0,2.0,3.175,4.333333333,3.571428571,3.545454545,3.8,4.5,8.0,2.0,,89,4.375,3.5,,3.404494382,7.0,81,4.0,7.0,3.142857143,3.444444444,4.25,3.857142857,23.0,34.0,42,3.47826087,3.441176471,3.523809524
18020,"Columbus, IN",25,4.0,11.0,,8.0,4.0,2.0,,4.454545455,,3.5,3.75,4.0,,,,,25,,,,4.0,1.0,20,2.0,2.0,5.0,4.15,2.5,3.5,4.0,6.0,15,4.25,4.0,3.933333333
18140,"Columbus, OH",774,3.527131783,237.0,23.0,277.0,135.0,76.0,26.0,3.510548523,3.782608696,3.512635379,3.651851852,3.447368421,3.192307692,25.0,93.0,,656,3.12,4.053763441,,3.467987805,35.0,577,84.0,78.0,3.742857143,3.464471404,3.547619048,3.871794872,183.0,230.0,361,3.74863388,3.52173913,3.418282548
18580,"Corpus Christi, TX",118,3.779661017,47.0,4.0,38.0,13.0,11.0,5.0,3.70212766,4.75,3.684210526,3.923076923,3.818181818,4.0,2.0,30.0,,86,2.0,4.466666667,,3.581395349,14.0,83,7.0,14.0,4.214285714,3.518072289,4.0,4.785714286,38.0,41.0,39,4.210526316,3.56097561,3.58974359
18700,"Corvallis, OR",29,3.310344828,10.0,1.0,10.0,5.0,3.0,,3.2,4.0,3.4,3.8,2.333333333,,,3.0,,26,,3.333333333,,3.307692308,1.0,25,2.0,1.0,4.0,3.24,3.5,4.0,3.0,9.0,17,3.666666667,2.666666667,3.588235294
18880,"Crestview-Fort Walton Beach-Destin, FL",75,3.773333333,27.0,3.0,26.0,12.0,5.0,2.0,3.925925926,4.666666667,3.538461538,3.5,3.8,5.0,2.0,15.0,,58,5.0,4.266666667,,3.603448276,4.0,60,3.0,8.0,3.0,3.733333333,4.333333333,4.25,21.0,23.0,31,3.904761905,4.086956522,3.451612903
19060,"Cumberland, MD-WV",30,3.9,9.0,3.0,7.0,5.0,4.0,2.0,4.222222222,4.333333333,3.285714286,4.2,3.75,3.5,1.0,1.0,,28,4.0,5.0,,3.857142857,3.0,24,2.0,1.0,4.0,3.833333333,4.0,5.0,6.0,11.0,13,4.166666667,4.272727273,3.461538462
19100,"Dallas-Fort Worth-Arlington, TX",3044,3.707950066,1032.0,106.0,990.0,528.0,271.0,117.0,3.649224806,4.094339623,3.67979798,3.651515152,3.904059041,3.914529915,113.0,771.0,28.0,2132,3.619469027,4.08690013,3.214285714,3.582082552,109.0,2136,266.0,533.0,3.733944954,3.603464419,3.601503759,4.174484053,935.0,1012.0,1097,3.957219251,3.636363636,3.561531449
19140,"Dalton, GA",40,3.7,10.0,2.0,14.0,10.0,3.0,1.0,3.3,4.5,3.428571429,3.8,5.0,5.0,,1.0,,39,,3.0,,3.717948718,1.0,35,3.0,1.0,3.0,3.628571429,4.333333333,5.0,6.0,14.0,20,4.0,3.714285714,3.6
19180,"Danville, IL",5,3.0,4.0,,1.0,,,,3.0,,3.0,,,,,,,5,,,,3.0,,5,,,,3.0,,,,2.0,3,,2.0,3.666666667
19300,"Daphne-Fairhope-Foley, AL",50,3.78,21.0,4.0,17.0,6.0,1.0,1.0,3.952380952,4.0,3.647058824,3.833333333,3.0,2.0,3.0,6.0,,41,4.666666667,4.166666667,,3.658536585,3.0,35,5.0,7.0,4.666666667,3.571428571,4.2,4.142857143,13.0,15.0,22,4.230769231,4.2,3.227272727
19340,"Davenport-Moline-Rock Island, IA-IL",72,3.527777778,18.0,5.0,26.0,14.0,6.0,3.0,3.166666667,3.2,3.884615385,3.642857143,3.333333333,3.0,1.0,6.0,,65,3.0,4.666666667,,3.430769231,3.0,60,4.0,5.0,4.666666667,3.45,3.75,3.6,12.0,24.0,36,3.5,3.666666667,3.444444444
19460,"Decatur, AL",28,3.357142857,12.0,2.0,6.0,6.0,2.0,,3.416666667,4.0,2.666666667,3.666666667,3.5,,,1.0,,27,,2.0,,3.407407407,,26,1.0,1.0,,3.423076923,2.0,3.0,2.0,16.0,10,4.0,3.6875,2.7
19500,"Decatur, IL",18,3.666666667,7.0,1.0,4.0,4.0,2.0,,4.0,5.0,3.0,3.25,4.0,,1.0,2.0,,15,5.0,4.5,,3.466666667,,14,1.0,3.0,,3.571428571,4.0,4.0,3.0,9.0,6,4.0,3.666666667,3.5
19660,"Deltona-Daytona Beach-Ormond Beach, FL",169,3.449704142,68.0,6.0,57.0,25.0,9.0,4.0,3.661764706,3.666666667,3.456140351,3.16,2.888888889,2.5,7.0,16.0,,146,3.0,4.3125,,3.376712329,12.0,144,6.0,7.0,2.833333333,3.416666667,4.666666667,4.142857143,33.0,63.0,73,3.454545455,3.333333333,3.547945205
19740,"Denver-Aurora-Lakewood, CO",913,3.633077766,266.0,43.0,302.0,174.0,91.0,37.0,3.515037594,4.069767442,3.539735099,3.672413793,3.725274725,4.324324324,41.0,260.0,,612,2.780487805,4.007692308,,3.531045752,37.0,637,87.0,152.0,3.324324324,3.497645212,3.563218391,4.315789474,264.0,313.0,336,3.946969697,3.546325879,3.467261905
19780,"Des Moines-West Des Moines, IA",126,3.785714286,54.0,4.0,37.0,15.0,14.0,2.0,3.481481481,4.25,3.783783784,4.066666667,4.428571429,4.5,3.0,14.0,,109,4.333333333,4.142857143,,3.724770642,10.0,92,10.0,14.0,3.4,3.706521739,4.2,4.285714286,27.0,32.0,67,4.148148148,3.8125,3.626865672
19820,"Detroit-Warren-Dearborn, MI",800,3.4825,252.0,40.0,247.0,140.0,83.0,38.0,3.277777778,3.3,3.534412955,3.542857143,3.843373494,3.684210526,56.0,84.0,3.0,657,3.892857143,3.583333333,3.0,3.436834094,63.0,599,74.0,64.0,3.206349206,3.47245409,3.459459459,3.875,184.0,244.0,372,3.5,3.651639344,3.362903226
20020,"Dothan, AL",29,3.586206897,13.0,,7.0,4.0,3.0,2.0,3.384615385,,3.285714286,4.25,4.333333333,3.5,,2.0,,27,,5.0,,3.481481481,2.0,21,3.0,3.0,5.0,3.333333333,4.0,4.0,9.0,7.0,13,4.222222222,2.714285714,3.615384615
20100,"Dover, DE",37,3.378378378,13.0,2.0,15.0,3.0,2.0,2.0,3.538461538,3.5,3.2,4.0,3.0,3.0,3.0,2.0,,32,2.0,3.5,,3.5,2.0,29,4.0,2.0,2.5,3.413793103,3.75,3.0,7.0,10.0,20,2.857142857,3.4,3.55
20220,"Dubuque, IA",18,3.888888889,6.0,,6.0,4.0,1.0,1.0,3.833333333,,3.5,4.25,4.0,5.0,,2.0,,16,,3.5,,3.9375,,18,,,,3.888888889,,,2.0,12.0,4,3.0,4.25,3.25
20260,"Duluth, MN-WI",46,3.739130435,11.0,1.0,17.0,8.0,8.0,1.0,3.727272727,4.0,3.941176471,3.75,3.125,5.0,1.0,8.0,,37,3.0,4.0,,3.702702703,2.0,42,,2.0,4.0,3.69047619,,4.5,11.0,14.0,21,3.909090909,3.857142857,3.571428571
20500,"Durham-Chapel Hill, NC",143,3.517482517,52.0,4.0,47.0,23.0,10.0,7.0,3.365384615,3.5,3.468085106,3.826086957,3.2,4.428571429,13.0,16.0,1.0,113,3.846153846,4.0625,2.0,3.415929204,9.0,113,7.0,14.0,3.888888889,3.433628319,3.571428571,3.928571429,35.0,47.0,61,3.714285714,3.382978723,3.508196721
20700,"East Stroudsburg, PA",32,3.5625,10.0,2.0,8.0,7.0,2.0,3.0,3.8,2.0,3.125,3.857142857,3.0,4.666666667,2.0,10.0,,20,4.0,3.2,,3.7,3.0,22,3.0,4.0,3.0,3.727272727,3.666666667,3.0,10.0,7.0,15,3.0,4.0,3.733333333
20740,"Eau Claire, WI",47,3.553191489,16.0,1.0,10.0,15.0,4.0,1.0,3.4375,1.0,3.5,4.066666667,3.5,1.0,4.0,1.0,,42,2.5,3.0,,3.666666667,2.0,40,3.0,2.0,4.0,3.625,3.0,2.5,8.0,18.0,21,3.375,3.833333333,3.380952381
20940,"El Centro, CA",13,4.0,3.0,,5.0,4.0,1.0,,4.333333333,,4.2,3.75,3.0,,,2.0,,11,,4.5,,3.909090909,,13,,,,4.0,,,,8.0,5,,4.125,3.8
21340,"El Paso, TX",177,3.638418079,66.0,3.0,59.0,25.0,19.0,5.0,3.5,4.333333333,3.627118644,3.64,4.157894737,3.2,4.0,12.0,,161,3.25,3.916666667,,3.627329193,10.0,139,15.0,13.0,3.8,3.589928058,3.533333333,4.153846154,33.0,53.0,91,3.757575758,3.679245283,3.571428571
21060,"Elizabethtown-Fort Knox, KY",28,3.714285714,8.0,1.0,13.0,1.0,5.0,,4.125,4.0,3.461538462,4.0,3.6,,2.0,2.0,,24,5.0,4.5,,3.541666667,,21,7.0,,,3.714285714,3.714285714,,3.0,7.0,18,4.0,4.142857143,3.5
21140,"Elkhart-Goshen, IN",25,3.8,12.0,2.0,6.0,2.0,2.0,1.0,4.083333333,4.5,3.166666667,4.5,3.0,3.0,1.0,1.0,,23,5.0,5.0,,3.695652174,1.0,22,,2.0,4.0,3.681818182,,5.0,4.0,13.0,8,4.75,3.461538462,3.875
21300,"Elmira, NY",14,4.071428571,5.0,1.0,5.0,1.0,1.0,1.0,4.4,5.0,3.8,4.0,4.0,3.0,,3.0,,11,,4.666666667,,3.909090909,,13,1.0,,,4.076923077,4.0,,3.0,7.0,4,4.666666667,4.142857143,3.5
21500,"Erie, PA",56,3.446428571,19.0,5.0,17.0,8.0,4.0,3.0,3.315789474,2.8,3.647058824,3.25,4.25,3.666666667,2.0,5.0,,49,3.0,3.4,,3.469387755,,46,6.0,4.0,,3.5,3.833333333,2.25,10.0,17.0,29,3.5,3.470588235,3.413793103
21660,"Eugene-Springfield, OR",64,3.578125,18.0,1.0,25.0,12.0,7.0,1.0,4.388888889,2.0,3.24,3.416666667,3.285714286,3.0,2.0,10.0,,52,3.0,4.4,,3.442307692,5.0,47,6.0,6.0,3.8,3.382978723,4.333333333,4.166666667,17.0,16.0,31,3.470588235,4.125,3.35483871
21780,"Evansville, IN-KY",85,3.470588235,28.0,2.0,27.0,17.0,8.0,3.0,3.357142857,3.0,3.666666667,3.352941176,3.375,4.0,6.0,9.0,,70,3.666666667,3.777777778,,3.414285714,3.0,70,7.0,5.0,4.666666667,3.428571429,3.285714286,3.6,16.0,32.0,37,3.4375,3.71875,3.27027027
21820,"Fairbanks, AK",11,3.545454545,5.0,1.0,5.0,,,,4.2,5.0,2.6,,,,,2.0,,9,,4.5,,3.333333333,2.0,9,,,5.0,3.222222222,,,3.0,2.0,6,5.0,2.5,3.166666667
22020,"Fargo, ND-MN",71,3.647887324,25.0,3.0,25.0,12.0,5.0,1.0,3.76,3.333333333,3.68,3.416666667,3.6,4.0,4.0,12.0,,55,2.5,3.5,,3.763636364,3.0,59,4.0,5.0,4.666666667,3.474576271,4.5,4.4,9.0,29.0,33,4.222222222,3.655172414,3.484848485
22140,"Farmington, NM",12,3.916666667,2.0,,6.0,3.0,,1.0,3.0,,4.166666667,3.666666667,,5.0,1.0,,,11,1.0,,,4.181818182,,9,2.0,1.0,,4.0,5.0,1.0,1.0,4.0,7,1.0,4.75,3.857142857
22180,"Fayetteville, NC",125,3.232,50.0,4.0,28.0,25.0,15.0,3.0,3.34,2.75,3.321428571,3.24,2.866666667,3.0,5.0,16.0,,104,3.6,3.0,,3.25,6.0,98,9.0,12.0,3.5,3.204081633,3.666666667,3.0,28.0,46.0,51,3.214285714,3.065217391,3.392156863
22220,"Fayetteville-Springdale-Rogers, AR",155,3.851612903,64.0,5.0,51.0,21.0,13.0,1.0,3.734375,4.8,3.764705882,3.904761905,4.384615385,3.0,6.0,25.0,,124,4.666666667,4.32,,3.717741935,7.0,116,9.0,23.0,4.428571429,3.655172414,4.555555556,4.391304348,39.0,52.0,64,4.076923077,3.576923077,3.9375
22380,"Flagstaff, AZ",65,3.430769231,33.0,1.0,17.0,8.0,5.0,1.0,3.363636364,4.0,3.352941176,3.5,3.8,4.0,8.0,25.0,,32,3.125,3.2,,3.6875,4.0,55,5.0,1.0,2.75,3.545454545,2.6,4.0,15.0,31.0,19,3.2,3.612903226,3.315789474
22420,"Flint, MI",63,3.380952381,30.0,3.0,17.0,8.0,2.0,3.0,3.0,5.0,3.705882353,3.125,2.5,5.0,4.0,6.0,,53,4.0,3.5,,3.320754717,4.0,47,7.0,5.0,3.25,3.255319149,4.428571429,3.2,16.0,11.0,36,2.9375,4.0,3.388888889
22500,"Florence, SC",37,3.972972973,8.0,2.0,12.0,8.0,5.0,2.0,4.375,5.0,3.25,4.125,4.6,3.5,6.0,5.0,,26,4.166666667,3.4,,4.038461538,2.0,25,2.0,8.0,4.5,3.88,4.5,4.0,14.0,10.0,13,4.214285714,3.3,4.230769231
22520,"Florence-Muscle Shoals, AL",30,3.466666667,16.0,,9.0,2.0,3.0,,3.3125,,3.666666667,3.5,3.666666667,,,6.0,,24,,3.333333333,,3.5,2.0,26,,2.0,3.5,3.615384615,,1.5,8.0,12.0,10,3.125,3.75,3.4
22540,"Fond du Lac, WI",16,3.5,1.0,,6.0,7.0,1.0,1.0,4.0,,2.833333333,3.857142857,4.0,4.0,3.0,,,13,4.0,,,3.384615385,,15,,1.0,,3.466666667,,4.0,6.0,2.0,8,3.833333333,4.5,3.0
22660,"Fort Collins, CO",105,3.60952381,41.0,2.0,39.0,17.0,2.0,4.0,3.585365854,4.5,3.538461538,3.647058824,2.5,4.5,3.0,16.0,,86,4.0,3.5625,,3.604651163,7.0,87,5.0,6.0,3.857142857,3.494252874,4.4,4.333333333,21.0,42.0,42,3.904761905,3.357142857,3.714285714
22900,"Fort Smith, AR-OK",43,3.88372093,15.0,,17.0,5.0,4.0,2.0,3.466666667,,4.117647059,4.0,4.0,4.5,8.0,2.0,,33,4.75,2.0,,3.787878788,1.0,31,5.0,6.0,2.0,3.774193548,3.6,5.0,9.0,15.0,19,4.444444444,3.8,3.684210526
23060,"Fort Wayne, IN",133,3.533834586,43.0,3.0,38.0,28.0,13.0,8.0,3.558139535,3.333333333,3.710526316,3.535714286,3.384615385,2.875,11.0,23.0,,99,3.181818182,4.086956522,,3.444444444,11.0,93,16.0,13.0,4.454545455,3.311827957,3.9375,3.846153846,35.0,41.0,57,3.857142857,3.463414634,3.385964912
23420,"Fresno, CA",167,3.461077844,62.0,6.0,54.0,25.0,14.0,6.0,3.64516129,3.333333333,3.259259259,3.4,3.357142857,4.0,15.0,6.0,,146,3.266666667,3.833333333,,3.465753425,16.0,125,14.0,12.0,4.1875,3.32,3.428571429,4.0,38.0,53.0,76,3.947368421,3.509433962,3.184210526
23460,"Gadsden, AL",16,3.5,4.0,,9.0,3.0,,,3.0,,3.333333333,4.666666667,,,1.0,1.0,,14,4.0,5.0,,3.357142857,,12,2.0,2.0,,3.333333333,3.0,5.0,3.0,6.0,7,3.666666667,3.833333333,3.142857143
23540,"Gainesville, FL",117,3.735042735,51.0,4.0,36.0,17.0,9.0,,3.823529412,4.5,3.527777778,3.705882353,3.777777778,,12.0,13.0,,92,3.333333333,3.846153846,,3.77173913,5.0,103,2.0,7.0,3.6,3.718446602,3.0,4.285714286,22.0,44.0,51,3.954545455,3.636363636,3.725490196
23580,"Gainesville, GA",33,3.363636364,12.0,,7.0,6.0,6.0,2.0,2.833333333,,2.714285714,4.5,3.833333333,4.0,1.0,3.0,,29,2.0,3.333333333,,3.413793103,1.0,26,4.0,2.0,3.0,3.615384615,2.0,3.0,4.0,16.0,13,3.5,3.5,3.153846154
23900,"Gettysburg, PA",8,3.375,1.0,1.0,4.0,1.0,1.0,,3.0,4.0,4.0,1.0,3.0,,,2.0,,6,,3.5,,3.333333333,1.0,6,1.0,,1.0,3.833333333,3.0,,2.0,3.0,3,2.0,4.0,3.666666667
24020,"Glens Falls, NY",7,3.142857143,3.0,,3.0,,1.0,,3.333333333,,2.666666667,,4.0,,,1.0,,6,,3.0,,3.166666667,,6,1.0,,,3.0,4.0,,,1.0,6,,3.0,3.166666667
24140,"Goldsboro, NC",23,3.434782609,6.0,,6.0,8.0,2.0,1.0,2.833333333,,3.333333333,3.625,4.0,5.0,,1.0,,22,,5.0,,3.363636364,2.0,20,,1.0,3.0,3.4,,5.0,4.0,8.0,11,3.5,3.75,3.181818182
24220,"Grand Forks, ND-MN",19,4.105263158,5.0,1.0,7.0,4.0,2.0,,4.0,5.0,4.285714286,4.0,3.5,,,3.0,,16,,4.666666667,,4.0,3.0,14,2.0,,4.333333333,4.0,4.5,,5.0,6.0,8,4.0,4.5,3.875
24260,"Grand Island, NE",11,3.909090909,4.0,,2.0,5.0,,,2.75,,4.5,4.6,,,,,,11,,,,3.909090909,,7,4.0,,,3.714285714,4.25,,3.0,4.0,4,3.333333333,4.25,4.0
24300,"Grand Junction, CO",21,3.904761905,8.0,1.0,3.0,4.0,4.0,1.0,4.125,4.0,4.0,3.5,3.75,4.0,3.0,3.0,,15,3.0,4.333333333,,4.0,1.0,18,2.0,,5.0,3.833333333,4.0,,7.0,6.0,8,3.571428571,4.333333333,3.875
24340,"Grand Rapids-Kentwood, MI",233,3.532188841,73.0,10.0,86.0,37.0,19.0,8.0,3.493150685,4.0,3.558139535,3.72972973,3.0,3.375,7.0,23.0,,203,3.0,3.347826087,,3.571428571,20.0,172,21.0,20.0,3.55,3.546511628,3.095238095,3.85,46.0,74.0,113,3.760869565,3.567567568,3.415929204
24420,"Grants Pass, OR",12,3.75,4.0,,1.0,5.0,1.0,1.0,2.75,,4.0,4.4,3.0,5.0,,,,12,,,,3.75,,8,1.0,3.0,,3.125,5.0,5.0,4.0,1.0,7,4.25,5.0,3.285714286
24500,"Great Falls, MT",10,3.7,3.0,1.0,4.0,1.0,,1.0,4.0,4.0,3.5,4.0,,3.0,1.0,2.0,,7,2.0,5.0,,3.571428571,1.0,5,1.0,3.0,2.0,3.4,4.0,4.666666667,4.0,2.0,4,4.0,3.0,3.75
24540,"Greeley, CO",41,3.731707317,13.0,1.0,15.0,7.0,4.0,1.0,3.461538462,4.0,3.866666667,3.714285714,3.75,5.0,,3.0,,38,,4.0,,3.710526316,,36,4.0,1.0,,3.694444444,4.0,4.0,6.0,12.0,23,3.833333333,3.916666667,3.608695652
24580,"Green Bay, WI",60,3.45,23.0,3.0,20.0,11.0,3.0,,3.826086957,3.0,3.25,3.090909091,3.666666667,,5.0,6.0,,49,3.0,3.5,,3.489795918,9.0,42,5.0,4.0,3.111111111,3.476190476,3.6,3.75,22.0,14.0,24,3.272727273,3.928571429,3.333333333
24660,"Greensboro-High Point, NC",206,3.334951456,73.0,8.0,70.0,33.0,13.0,9.0,3.465753425,3.75,3.328571429,3.060606061,3.0,3.444444444,11.0,11.0,,184,3.090909091,3.454545455,,3.342391304,17.0,163,18.0,8.0,2.764705882,3.435582822,3.111111111,3.0,42.0,63.0,101,2.976190476,3.428571429,3.425742574
24780,"Greenville, NC",73,3.657534247,19.0,1.0,20.0,21.0,9.0,3.0,3.894736842,4.0,3.3,3.523809524,4.0,4.333333333,7.0,5.0,,61,4.0,3.4,,3.639344262,4.0,64,2.0,3.0,4.0,3.59375,5.0,3.666666667,12.0,37.0,24,3.916666667,3.675675676,3.5
24860,"Greenville-Anderson, SC",257,3.536964981,78.0,9.0,86.0,56.0,17.0,11.0,3.5,4.111111111,3.302325581,3.714285714,3.941176471,3.636363636,18.0,22.0,,217,3.277777778,3.5,,3.562211982,20.0,186,27.0,24.0,3.5,3.559139785,3.407407407,3.541666667,61.0,90.0,106,3.590163934,3.511111111,3.528301887
25060,"Gulfport-Biloxi, MS",115,3.713043478,35.0,9.0,33.0,16.0,15.0,7.0,3.685714286,4.333333333,3.545454545,4.0625,3.466666667,3.571428571,15.0,24.0,,76,4.6,3.75,,3.526315789,6.0,84,7.0,18.0,3.666666667,3.630952381,4.142857143,3.944444444,39.0,31.0,45,3.897435897,3.709677419,3.555555556
25180,"Hagerstown-Martinsburg, MD-WV",39,3.282051282,12.0,2.0,17.0,5.0,3.0,,3.0,3.5,3.294117647,3.2,4.333333333,,,3.0,,36,,3.0,,3.305555556,5.0,29,3.0,2.0,3.4,3.310344828,3.333333333,2.5,9.0,15.0,15,3.222222222,3.0,3.6
25220,"Hammond, LA",20,4.1,7.0,,6.0,3.0,3.0,1.0,3.857142857,,4.166666667,5.0,3.666666667,4.0,,,,20,,,,4.1,,17,2.0,1.0,,4.117647059,4.5,3.0,2.0,4.0,14,3.5,4.25,4.142857143
25260,"Hanford-Corcoran, CA",11,3.818181818,4.0,1.0,4.0,2.0,,,4.25,5.0,3.75,2.5,,,,,,11,,,,3.818181818,,11,,,,3.818181818,,,1.0,2.0,8,2.0,4.0,4.0
25420,"Harrisburg-Carlisle, PA",132,3.363636364,38.0,4.0,40.0,28.0,15.0,7.0,3.289473684,3.25,3.275,3.357142857,3.533333333,4.0,14.0,17.0,,101,3.571428571,3.117647059,,3.376237624,9.0,99,10.0,14.0,2.888888889,3.343434343,3.6,3.642857143,34.0,49.0,49,3.5,3.530612245,3.102040816
25500,"Harrisonburg, VA",47,3.829787234,22.0,,13.0,10.0,2.0,,3.636363636,,3.692307692,4.4,4.0,,6.0,8.0,,33,3.666666667,3.75,,3.878787879,3.0,40,2.0,2.0,3.0,3.95,1.5,5.0,7.0,23.0,17,3.857142857,3.782608696,3.882352941
25620,"Hattiesburg, MS",54,3.685185185,23.0,1.0,15.0,13.0,1.0,1.0,3.826086957,5.0,3.4,3.692307692,4.0,3.0,3.0,4.0,,47,4.666666667,4.25,,3.574468085,3.0,43,6.0,2.0,3.666666667,3.604651163,4.5,3.0,9.0,28.0,17,3.555555556,3.642857143,3.823529412
25860,"Hickory-Lenoir-Morganton, NC",75,3.573333333,26.0,8.0,21.0,11.0,8.0,1.0,3.692307692,4.0,3.380952381,3.0,4.0,4.0,7.0,3.0,,65,4.142857143,3.0,,3.538461538,5.0,57,5.0,8.0,2.6,3.50877193,4.8,3.875,20.0,27.0,28,3.65,3.703703704,3.392857143
25940,"Hilton Head Island-Bluffton, SC",57,4.105263158,21.0,5.0,14.0,7.0,6.0,4.0,3.666666667,4.6,4.214285714,4.0,4.5,5.0,2.0,35.0,1.0,19,5.0,4.314285714,5.0,3.578947368,3.0,37,5.0,12.0,5.0,3.918918919,3.8,4.583333333,25.0,23.0,9,4.56,3.782608696,3.666666667
25980,"Hinesville, GA",15,3.866666667,5.0,,9.0,,,1.0,4.4,,3.666666667,,,3.0,,1.0,,14,,3.0,,3.928571429,3.0,11,1.0,,3.333333333,4.090909091,3.0,,6.0,6.0,3,3.333333333,4.166666667,4.333333333
26140,"Homosassa Springs, FL",18,3.0,6.0,1.0,8.0,2.0,1.0,,3.166666667,2.0,3.125,2.5,3.0,,1.0,1.0,,16,1.0,3.0,,3.125,1.0,15,2.0,,3.0,3.2,1.5,,5.0,3.0,10,2.6,3.333333333,3.1
26300,"Hot Springs, AR",19,3.631578947,10.0,1.0,4.0,3.0,1.0,,3.5,4.0,4.25,2.666666667,5.0,,,3.0,,16,,4.0,,3.5625,3.0,12,1.0,3.0,3.666666667,3.916666667,2.0,3.0,6.0,6.0,7,3.333333333,3.833333333,3.714285714
26380,"Houma-Thibodaux, LA",34,3.558823529,16.0,3.0,12.0,2.0,1.0,,3.6875,3.666666667,3.583333333,2.0,4.0,,9.0,,,25,4.111111111,,,3.36,2.0,25,2.0,5.0,4.0,3.28,4.5,4.4,13.0,5.0,16,3.846153846,4.2,3.125
26420,"Houston-The Woodlands-Sugar Land, TX",2027,3.581647755,726.0,54.0,682.0,311.0,174.0,80.0,3.484848485,3.925925926,3.538123167,3.68488746,3.83908046,3.6375,95.0,249.0,9.0,1674,3.673684211,3.863453815,3.111111111,3.537037037,89.0,1558,182.0,198.0,3.685393258,3.541720154,3.582417582,3.848484848,424.0,714.0,889,3.719339623,3.572829132,3.523059618
26580,"Huntington-Ashland, WV-KY-OH",70,3.742857143,20.0,3.0,24.0,15.0,7.0,1.0,3.65,5.0,3.458333333,3.866666667,4.0,5.0,7.0,5.0,,58,3.142857143,4.2,,3.775862069,5.0,51,8.0,6.0,4.0,3.588235294,4.375,4.0,15.0,25.0,30,3.933333333,4.04,3.4
26620,"Huntsville, AL",152,3.631578947,63.0,6.0,47.0,21.0,9.0,6.0,3.492063492,3.833333333,3.70212766,3.857142857,3.555555556,3.666666667,8.0,16.0,,128,3.625,3.6875,,3.625,6.0,118,16.0,12.0,3.5,3.618644068,4.0,3.333333333,29.0,54.0,69,3.517241379,3.722222222,3.608695652
26820,"Idaho Falls, ID",34,3.411764706,11.0,,17.0,3.0,3.0,,2.909090909,,3.529411765,3.666666667,4.333333333,,,6.0,,28,,2.666666667,,3.571428571,2.0,27,3.0,2.0,2.5,3.481481481,3.0,4.0,10.0,12.0,12,4.0,2.583333333,3.75
26900,"Indianapolis-Carmel-Anderson, IN",250,3.544,82.0,10.0,96.0,35.0,23.0,4.0,3.573170732,4.2,3.416666667,3.571428571,3.608695652,3.75,2.0,17.0,,231,4.0,3.411764706,,3.54978355,18.0,204,18.0,10.0,3.944444444,3.519607843,3.666666667,3.1,42.0,113.0,95,3.619047619,3.548672566,3.505263158
26980,"Iowa City, IA",44,3.636363636,16.0,2.0,15.0,5.0,4.0,2.0,3.5625,3.5,3.866666667,3.2,3.5,4.0,1.0,5.0,,38,3.0,4.0,,3.605263158,,38,3.0,3.0,,3.657894737,3.333333333,3.666666667,6.0,21.0,17,3.5,3.666666667,3.647058824
27060,"Ithaca, NY",14,3.5,5.0,,6.0,1.0,,2.0,3.4,,3.666666667,4.0,,3.0,1.0,3.0,,10,5.0,3.0,,3.5,4.0,9,1.0,,2.75,3.666666667,5.0,,4.0,6.0,4,2.75,3.666666667,4.0
27100,"Jackson, MI",20,3.3,11.0,,4.0,4.0,,1.0,3.272727273,,3.0,3.25,,5.0,,,,20,,,,3.3,1.0,18,1.0,,4.0,3.166666667,5.0,,5.0,6.0,9,3.4,3.0,3.444444444
27140,"Jackson, MS",153,3.614379085,57.0,3.0,44.0,30.0,14.0,5.0,3.596491228,5.0,3.590909091,3.533333333,3.428571429,4.2,14.0,22.0,,117,3.857142857,3.954545455,,3.521367521,9.0,113,11.0,20.0,3.222222222,3.530973451,3.545454545,4.3,39.0,60.0,54,3.692307692,3.683333333,3.481481481
27180,"Jackson, TN",33,3.757575758,14.0,3.0,7.0,4.0,2.0,3.0,3.5,4.666666667,3.857142857,3.75,4.5,3.333333333,3.0,2.0,,28,4.666666667,4.0,,3.642857143,3.0,23,4.0,3.0,4.333333333,3.52173913,4.5,4.0,9.0,14.0,10,4.444444444,3.5,3.5
27260,"Jacksonville, FL",580,3.605172414,168.0,32.0,183.0,111.0,65.0,21.0,3.726190476,3.75,3.486338798,3.54954955,3.661538462,3.571428571,35.0,71.0,3.0,471,3.628571429,3.943661972,1.666666667,3.564755839,27.0,425,68.0,60.0,3.444444444,3.611764706,3.529411765,3.716666667,145.0,192.0,243,3.710344828,3.703125,3.465020576
27340,"Jacksonville, NC",60,3.583333333,26.0,1.0,22.0,6.0,4.0,1.0,3.192307692,4.0,3.727272727,4.0,4.75,3.0,1.0,14.0,,45,5.0,4.214285714,,3.355555556,7.0,45,4.0,4.0,4.285714286,3.4,4.0,4.0,13.0,25.0,22,4.153846154,3.4,3.454545455
27500,"Janesville-Beloit, WI",28,3.357142857,7.0,,9.0,5.0,7.0,,2.714285714,,3.111111111,4.2,3.714285714,,1.0,1.0,,26,5.0,2.0,,3.346153846,,23,3.0,2.0,,3.347826087,2.666666667,4.5,6.0,13.0,9,3.666666667,3.461538462,3.0
27620,"Jefferson City, MO",14,3.857142857,9.0,,4.0,,1.0,,4.0,,3.25,,5.0,,,1.0,,13,,3.0,,3.923076923,5.0,8,1.0,,4.0,3.875,3.0,,5.0,2.0,7,4.0,4.0,3.714285714
27740,"Johnson City, TN",75,3.906666667,21.0,4.0,25.0,16.0,7.0,2.0,4.19047619,4.25,3.32,4.3125,3.714285714,5.0,6.0,7.0,,62,4.5,4.0,,3.838709677,8.0,57,4.0,6.0,4.25,3.807017544,4.25,4.166666667,14.0,32.0,29,4.214285714,3.6875,4.0
27780,"Johnstown, PA",9,4.333333333,4.0,,3.0,1.0,,1.0,4.5,,4.333333333,3.0,,5.0,,1.0,,8,,5.0,,4.25,,7,1.0,1.0,,4.142857143,5.0,5.0,2.0,1.0,6,4.5,5.0,4.166666667
27860,"Jonesboro, AR",43,3.790697674,14.0,5.0,17.0,5.0,2.0,,4.142857143,3.8,3.470588235,3.6,4.5,,5.0,5.0,,33,4.0,3.6,,3.787878788,4.0,32,2.0,5.0,4.25,3.78125,3.0,3.8,14.0,14.0,15,4.142857143,3.5,3.733333333
27900,"Joplin, MO",39,3.666666667,12.0,,13.0,7.0,3.0,4.0,3.083333333,,4.0,3.857142857,4.666666667,3.25,,3.0,,36,,3.0,,3.722222222,2.0,29,6.0,2.0,3.0,3.655172414,3.666666667,4.5,7.0,14.0,18,3.428571429,3.714285714,3.722222222
27980,"Kahului-Wailuku-Lahaina, HI",31,3.870967742,5.0,7.0,6.0,7.0,3.0,3.0,3.4,4.714285714,3.166666667,4.0,3.666666667,4.0,,27.0,,4,,3.925925926,,3.5,,18,1.0,12.0,,3.5,5.0,4.333333333,12.0,16.0,3,4.5,3.4375,3.666666667
28020,"Kalamazoo-Portage, MI",86,3.581395349,20.0,1.0,41.0,16.0,6.0,2.0,3.9,5.0,3.536585366,3.25,3.666666667,3.0,2.0,9.0,,75,2.5,4.555555556,,3.493333333,4.0,72,7.0,3.0,4.75,3.472222222,3.714285714,4.333333333,19.0,30.0,37,3.736842105,3.966666667,3.189189189
28100,"Kankakee, IL",27,3.962962963,10.0,4.0,8.0,3.0,1.0,1.0,3.9,4.5,3.375,4.333333333,5.0,5.0,3.0,2.0,,22,4.333333333,4.5,,3.863636364,3.0,20,2.0,2.0,3.666666667,3.95,4.0,4.5,7.0,11.0,9,4.428571429,4.0,3.555555556
28140,"Kansas City, MO-KS",688,3.523255814,214.0,33.0,219.0,130.0,63.0,29.0,3.46728972,3.848484848,3.488584475,3.430769231,3.714285714,3.827586207,45.0,79.0,,564,4.244444444,3.594936709,,3.455673759,43.0,491,82.0,72.0,3.697674419,3.462321792,3.512195122,3.847222222,157.0,209.0,322,3.789808917,3.497607656,3.409937888
28420,"Kennewick-Richland, WA",27,3.777777778,8.0,1.0,12.0,2.0,4.0,,3.625,4.0,3.75,2.5,4.75,,1.0,,,26,5.0,,,3.730769231,2.0,20,3.0,2.0,3.5,3.65,4.333333333,4.5,7.0,7.0,13,3.714285714,3.285714286,4.076923077
28660,"Killeen-Temple, TX",91,3.362637363,39.0,1.0,26.0,17.0,6.0,2.0,3.282051282,4.0,3.230769231,3.411764706,4.0,4.0,8.0,5.0,,78,2.875,3.4,,3.41025641,10.0,73,3.0,5.0,3.1,3.328767123,4.666666667,3.6,24.0,30.0,37,3.125,3.466666667,3.432432432
28700,"Kingsport-Bristol, TN-VA",80,3.5375,29.0,4.0,13.0,21.0,10.0,3.0,3.379310345,4.25,3.538461538,3.761904762,3.2,3.666666667,11.0,9.0,,60,4.272727273,3.555555556,,3.4,8.0,59,8.0,5.0,3.0,3.491525424,3.875,4.4,17.0,29.0,34,3.588235294,3.310344828,3.705882353
28740,"Kingston, NY",18,3.555555556,9.0,,7.0,,1.0,1.0,3.444444444,,3.714285714,,3.0,4.0,2.0,3.0,,13,4.5,4.0,,3.307692308,,15,1.0,2.0,,3.4,5.0,4.0,3.0,4.0,11,3.333333333,3.5,3.636363636
28940,"Knoxville, TN",349,3.681948424,84.0,16.0,122.0,68.0,41.0,18.0,3.535714286,4.3125,3.606557377,3.705882353,3.780487805,4.0,48.0,37.0,,264,4.083333333,3.945945946,,3.571969697,14.0,250,27.0,58.0,3.857142857,3.548,3.814814815,4.155172414,99.0,113.0,137,4.0,3.601769912,3.518248175
29020,"Kokomo, IN",29,3.517241379,11.0,,10.0,4.0,4.0,,3.363636364,,3.6,4.25,3.0,,,2.0,,27,,3.0,,3.555555556,5.0,22,2.0,,3.4,3.409090909,5.0,,5.0,16.0,8,3.4,3.625,3.375
29100,"La Crosse-Onalaska, WI-MN",30,3.433333333,13.0,,8.0,7.0,2.0,,3.153846154,,4.125,3.142857143,3.5,,3.0,4.0,,23,2.666666667,4.25,,3.391304348,4.0,26,,,4.0,3.346153846,,,5.0,13.0,12,3.8,3.307692308,3.416666667
29180,"Lafayette, LA",89,3.584269663,24.0,2.0,31.0,19.0,9.0,4.0,3.916666667,4.5,3.387096774,3.210526316,3.888888889,3.75,3.0,13.0,,73,2.333333333,4.076923077,,3.547945205,9.0,64,9.0,7.0,3.333333333,3.609375,3.444444444,3.857142857,29.0,29.0,31,3.689655172,3.517241379,3.548387097
29200,"Lafayette-West Lafayette, IN",93,3.860215054,26.0,1.0,38.0,22.0,4.0,2.0,4.038461538,3.0,3.947368421,3.590909091,4.25,2.5,2.0,12.0,,79,5.0,3.416666667,,3.898734177,5.0,75,5.0,8.0,4.2,3.933333333,4.0,2.875,18.0,38.0,37,3.611111111,3.894736842,3.945945946
29340,"Lake Charles, LA",47,3.276595745,17.0,,10.0,9.0,7.0,4.0,3.529411765,,3.4,3.222222222,3.285714286,2.0,1.0,19.0,,27,4.0,2.789473684,,3.592592593,4.0,36,3.0,4.0,4.0,3.166666667,2.333333333,4.25,18.0,19.0,10,3.166666667,3.315789474,3.4
29420,"Lake Havasu City-Kingman, AZ",23,4.130434783,12.0,,10.0,1.0,,,4.166666667,,4.0,5.0,,,,5.0,,18,,4.0,,4.166666667,3.0,18,2.0,,4.666666667,4.111111111,3.5,,5.0,5.0,13,4.6,3.6,4.153846154
29460,"Lakeland-Winter Haven, FL",109,3.431192661,40.0,6.0,34.0,18.0,6.0,5.0,3.25,3.666666667,3.558823529,3.111111111,4.166666667,4.0,4.0,8.0,2.0,95,4.5,4.125,5.0,3.294736842,7.0,86,8.0,8.0,3.0,3.406976744,3.625,3.875,26.0,39.0,44,3.461538462,3.692307692,3.181818182
29540,"Lancaster, PA",79,3.303797468,29.0,1.0,25.0,12.0,8.0,4.0,3.103448276,3.0,3.4,3.333333333,3.875,3.0,6.0,10.0,,63,3.666666667,3.3,,3.26984127,7.0,53,10.0,9.0,2.428571429,3.264150943,3.9,3.555555556,23.0,28.0,28,2.956521739,3.392857143,3.5
29620,"Lansing-East Lansing, MI",141,3.489361702,42.0,4.0,41.0,37.0,11.0,6.0,3.119047619,4.5,3.56097561,3.486486486,3.727272727,4.5,4.0,15.0,,122,4.25,3.2,,3.5,6.0,112,20.0,3.0,3.333333333,3.455357143,3.6,4.333333333,20.0,39.0,82,3.7,3.538461538,3.414634146
29700,"Laredo, TX",24,3.625,12.0,1.0,8.0,3.0,,,3.5,3.0,3.625,4.333333333,,,2.0,2.0,,20,4.0,4.0,,3.55,2.0,19,1.0,2.0,2.0,3.578947368,5.0,5.0,7.0,6.0,11,3.428571429,3.0,4.090909091
29740,"Las Cruces, NM",21,3.904761905,6.0,2.0,6.0,4.0,2.0,1.0,3.833333333,3.5,3.5,4.5,5.0,3.0,2.0,1.0,,18,3.5,3.0,,4.0,1.0,14,5.0,1.0,4.0,3.785714286,4.4,3.0,2.0,7.0,12,3.5,4.142857143,3.833333333
29820,"Las Vegas-Henderson-Paradise, NV",1274,3.540031397,371.0,63.0,408.0,226.0,140.0,66.0,3.520215633,3.888888889,3.485294118,3.522123894,3.614285714,3.560606061,24.0,669.0,,581,3.708333333,3.650224215,,3.406196213,86.0,914,67.0,207.0,3.534883721,3.439824945,3.865671642,3.879227053,519.0,460.0,295,3.610789981,3.576086957,3.359322034
29940,"Lawrence, KS",40,3.75,15.0,,16.0,5.0,3.0,1.0,3.933333333,,3.625,3.8,3.0,5.0,,4.0,,36,,4.25,,3.694444444,,37,2.0,1.0,,3.72972973,4.0,4.0,2.0,18.0,20,4.0,3.611111111,3.85
30020,"Lawton, OK",25,3.84,9.0,1.0,12.0,1.0,2.0,,4.111111111,5.0,3.5,4.0,4.0,,1.0,3.0,,21,3.0,3.666666667,,3.904761905,2.0,19,2.0,2.0,3.5,3.789473684,5.0,3.5,4.0,15.0,6,3.5,3.666666667,4.5
30140,"Lebanon, PA",11,3.818181818,5.0,2.0,2.0,,1.0,1.0,2.6,5.0,4.5,,5.0,5.0,2.0,,,9,5.0,,,3.555555556,1.0,7,1.0,2.0,3.0,3.428571429,5.0,5.0,6.0,2.0,3,3.666666667,5.0,3.333333333
30300,"Lewiston, ID-WA",9,3.111111111,3.0,,5.0,1.0,,,4.0,,2.6,3.0,,,1.0,1.0,,7,4.0,3.0,,3.0,1.0,7,,1.0,3.0,3.0,,4.0,2.0,,7,3.5,,3.0
30340,"Lewiston-Auburn, ME",9,3.222222222,3.0,1.0,2.0,1.0,2.0,,2.333333333,4.0,3.5,4.0,3.5,,1.0,1.0,,7,3.0,4.0,,3.142857143,1.0,6,1.0,1.0,4.0,3.0,4.0,3.0,2.0,3.0,4,3.5,2.333333333,3.75
30460,"Lexington-Fayette, KY",38,3.684210526,16.0,,11.0,7.0,4.0,,3.8125,,3.363636364,3.571428571,4.25,,3.0,9.0,,26,3.333333333,4.0,,3.615384615,4.0,26,6.0,2.0,4.0,3.423076923,4.666666667,3.5,11.0,14.0,13,3.636363636,3.5,3.923076923
30620,"Lima, OH",24,3.541666667,10.0,1.0,9.0,2.0,2.0,,3.6,2.0,3.777777778,2.5,4.0,,1.0,3.0,,20,4.0,4.666666667,,3.35,1.0,23,,,5.0,3.47826087,,,3.0,6.0,15,2.333333333,4.5,3.4
30700,"Lincoln, NE",84,3.678571429,30.0,2.0,31.0,16.0,3.0,2.0,3.233333333,3.5,3.967741935,3.8125,4.666666667,3.5,,13.0,,71,,4.384615385,,3.549295775,1.0,72,8.0,3.0,4.0,3.666666667,3.75,3.666666667,8.0,33.0,43,3.25,3.909090909,3.581395349
30780,"Little Rock-North Little Rock-Conway, AR",182,3.5,67.0,7.0,46.0,27.0,22.0,13.0,3.447761194,3.714285714,3.413043478,3.407407407,3.681818182,3.846153846,7.0,21.0,,154,3.428571429,3.80952381,,3.461038961,16.0,126,20.0,20.0,3.5625,3.428571429,3.8,3.6,41.0,55.0,86,3.609756098,3.309090909,3.569767442
30860,"Logan, UT-ID",31,3.806451613,14.0,1.0,10.0,5.0,1.0,,4.142857143,5.0,3.4,3.6,3.0,,,3.0,,28,,4.333333333,,3.75,,29,2.0,,,3.862068966,3.0,,4.0,14.0,13,4.75,3.928571429,3.384615385
30980,"Longview, TX",54,3.5,21.0,,22.0,8.0,3.0,,3.428571429,,3.863636364,2.125,5.0,,3.0,3.0,,48,4.333333333,2.666666667,,3.5,1.0,44,5.0,4.0,5.0,3.386363636,4.4,3.25,11.0,10.0,33,4.090909091,2.6,3.575757576
31020,"Longview, WA",13,3.076923077,3.0,,7.0,,3.0,,3.0,,2.714285714,,4.0,,,,,13,,,,3.076923077,,11,2.0,,,2.909090909,4.0,,,2.0,11,,2.5,3.181818182
31080,"Los Angeles-Long Beach-Anaheim, CA",3176,3.703085642,920.0,133.0,1070.0,586.0,328.0,139.0,3.692391304,4.067669173,3.637383178,3.728668942,3.698170732,3.834532374,133.0,555.0,181.0,2307,3.729323308,3.985585586,3.70718232,3.633289987,181.0,2408,213.0,374.0,3.718232044,3.63538206,3.751173709,4.104278075,800.0,1161.0,1215,3.85875,3.736434109,3.56872428
31140,"Louisville/Jefferson County, KY-IN",393,3.676844784,110.0,22.0,123.0,70.0,46.0,22.0,3.836363636,3.818181818,3.544715447,3.785714286,3.304347826,3.909090909,28.0,45.0,,320,4.071428571,4.0,,3.596875,10.0,273,61.0,49.0,3.9,3.582417582,3.672131148,4.163265306,104.0,134.0,155,3.942307692,3.686567164,3.490322581
31180,"Lubbock, TX",140,3.821428571,53.0,1.0,53.0,21.0,8.0,4.0,3.754716981,5.0,3.905660377,3.666666667,3.75,4.25,4.0,10.0,2.0,124,3.75,4.3,3.0,3.798387097,11.0,111,13.0,5.0,4.363636364,3.765765766,4.0,3.4,28.0,56.0,56,3.714285714,3.75,3.946428571
31340,"Lynchburg, VA",68,3.485294118,25.0,1.0,22.0,11.0,7.0,2.0,3.4,4.0,3.454545455,3.636363636,3.571428571,3.5,11.0,7.0,,50,3.363636364,3.428571429,,3.52,6.0,57,4.0,1.0,3.0,3.49122807,3.75,5.0,9.0,31.0,28,3.222222222,3.580645161,3.464285714
31420,"Macon-Bibb County, GA",8,3.75,2.0,,4.0,1.0,1.0,,2.5,,4.25,3.0,5.0,,,1.0,,7,,5.0,,3.571428571,1.0,7,,,5.0,3.571428571,,,3.0,2.0,3,3.666666667,3.5,4.0
31460,"Madera, CA",13,2.923076923,6.0,,2.0,4.0,1.0,,2.166666667,,5.0,3.0,3.0,,,3.0,,10,,3.666666667,,2.7,2.0,9,1.0,1.0,4.0,2.666666667,3.0,3.0,4.0,5.0,4,3.5,2.0,3.5
31540,"Madison, WI",173,3.630057803,61.0,2.0,60.0,25.0,17.0,8.0,3.852459016,3.5,3.45,3.52,3.588235294,3.75,2.0,49.0,,122,3.0,3.93877551,,3.516393443,8.0,138,12.0,15.0,3.5,3.608695652,3.75,3.8,35.0,61.0,77,3.914285714,3.672131148,3.467532468
31700,"Manchester-Nashua, NH",71,3.295774648,24.0,1.0,29.0,8.0,8.0,1.0,3.541666667,5.0,2.931034483,3.125,3.625,5.0,2.0,8.0,,61,2.5,3.125,,3.344262295,3.0,61,3.0,4.0,3.666666667,3.295081967,3.0,3.25,10.0,24.0,37,3.6,3.541666667,3.054054054
31740,"Manhattan, KS",52,3.596153846,22.0,1.0,21.0,5.0,3.0,,3.181818182,4.0,4.0,3.8,3.333333333,,,7.0,,45,,3.428571429,,3.622222222,3.0,46,1.0,2.0,2.666666667,3.630434783,4.0,4.0,7.0,21.0,24,3.142857143,3.523809524,3.791666667
31860,"Mankato, MN",28,3.607142857,9.0,,7.0,9.0,1.0,2.0,3.222222222,,3.714285714,4.0,3.0,3.5,4.0,1.0,,23,3.75,4.0,,3.565217391,4.0,22,2.0,,3.0,3.590909091,5.0,,6.0,7.0,15,3.166666667,3.714285714,3.733333333
31900,"Mansfield, OH",30,3.8,13.0,,10.0,4.0,3.0,,4.153846154,,3.1,4.25,4.0,,,1.0,,29,,5.0,,3.75862069,1.0,28,,1.0,3.0,3.785714286,,5.0,5.0,11.0,14,3.8,3.636363636,3.928571429
32580,"McAllen-Edinburg-Mission, TX",109,3.47706422,43.0,2.0,39.0,17.0,7.0,1.0,3.465116279,1.0,3.615384615,3.588235294,3.0,5.0,,3.0,,106,,3.666666667,,3.471698113,6.0,96,6.0,1.0,3.833333333,3.46875,3.666666667,1.0,26.0,42.0,41,3.192307692,3.666666667,3.463414634
32780,"Medford, OR",23,3.782608696,9.0,,4.0,7.0,1.0,2.0,3.222222222,,4.5,4.142857143,5.0,3.0,,3.0,,20,,4.0,,3.75,4.0,17,2.0,,4.25,3.764705882,3.0,,8.0,6.0,9,4.25,3.833333333,3.333333333
32820,"Memphis, TN-MS-AR",316,3.696202532,118.0,25.0,80.0,46.0,27.0,20.0,3.593220339,4.24,3.5875,3.673913043,3.888888889,3.85,26.0,59.0,,231,4.115384615,4.050847458,,3.558441558,20.0,205,30.0,61.0,4.05,3.512195122,3.633333333,4.229508197,102.0,100.0,114,4.019607843,3.47,3.605263158
32900,"Merced, CA",27,3.555555556,8.0,1.0,13.0,4.0,1.0,,3.0,4.0,3.538461538,4.25,5.0,,,2.0,,25,,2.0,,3.68,1.0,22,2.0,2.0,3.0,3.363636364,5.0,4.5,4.0,4.0,19,3.25,3.5,3.631578947
33100,"Miami-Fort Lauderdale-Pompano Beach, FL",1628,3.648648649,563.0,62.0,514.0,260.0,156.0,73.0,3.502664298,4.177419355,3.571984436,3.734615385,3.852564103,4.123287671,67.0,448.0,,1113,3.865671642,4.064732143,,3.468104223,75.0,1196,117.0,240.0,3.866666667,3.543478261,3.58974359,4.133333333,445.0,609.0,574,4.002247191,3.645320197,3.37804878
33140,"Michigan City-La Porte, IN",16,3.5625,7.0,,4.0,4.0,1.0,,3.714285714,,3.5,3.25,4.0,,1.0,,,15,1.0,,,3.733333333,1.0,14,1.0,,4.0,3.428571429,5.0,,4.0,5.0,7,3.5,3.4,3.714285714
33220,"Midland, MI",19,3.526315789,10.0,,5.0,3.0,1.0,,3.7,,4.0,2.0,4.0,,,3.0,,16,,3.0,,3.625,2.0,17,,,3.0,3.588235294,,,7.0,5.0,7,2.714285714,4.4,3.714285714
33260,"Midland, TX",27,3.851851852,10.0,1.0,8.0,5.0,3.0,,3.9,5.0,3.25,4.6,3.666666667,,,6.0,,21,,4.333333333,,3.714285714,2.0,20,2.0,3.0,5.0,3.75,3.5,4.0,9.0,13.0,5,4.0,4.076923077,3.0
33340,"Milwaukee-Waukesha, WI",371,3.533692722,104.0,16.0,148.0,68.0,26.0,9.0,3.576923077,3.5625,3.445945946,3.602941176,3.5,4.0,18.0,30.0,,323,3.111111111,3.933333333,,3.520123839,25.0,299,28.0,19.0,3.44,3.535117057,3.392857143,3.842105263,69.0,114.0,188,3.463768116,3.728070175,3.441489362
33460,"Minneapolis-St. Paul-Bloomington, MN-WI",831,3.613718412,244.0,35.0,294.0,157.0,78.0,23.0,3.635245902,4.0,3.540816327,3.643312102,3.576923077,3.652173913,55.0,102.0,,674,3.6,4.009803922,,3.554896142,35.0,627,76.0,93.0,3.885714286,3.540669856,3.789473684,3.860215054,177.0,220.0,434,3.836158192,3.659090909,3.5
33540,"Missoula, MT",23,3.391304348,10.0,,7.0,3.0,2.0,1.0,3.4,,3.714285714,3.666666667,3.0,1.0,1.0,5.0,,17,5.0,4.2,,3.058823529,4.0,16,3.0,,3.5,3.125,4.666666667,,4.0,9.0,10,4.0,3.555555556,3.0
33660,"Mobile, AL",111,3.621621622,36.0,4.0,45.0,13.0,9.0,4.0,3.222222222,4.0,3.577777778,4.153846154,4.111111111,4.5,8.0,10.0,,93,3.5,3.8,,3.612903226,10.0,77,13.0,11.0,3.4,3.532467532,4.0,4.0,27.0,33.0,51,3.666666667,3.303030303,3.803921569
33700,"Modesto, CA",85,3.611764706,28.0,,30.0,18.0,8.0,1.0,3.642857143,,3.566666667,3.944444444,3.0,3.0,3.0,2.0,,80,4.0,5.0,,3.5625,3.0,78,1.0,3.0,3.0,3.628205128,3.0,4.0,13.0,27.0,45,3.538461538,3.62962963,3.622222222
33740,"Monroe, LA",36,3.75,13.0,1.0,15.0,3.0,1.0,3.0,3.230769231,4.0,4.2,3.0,4.0,4.333333333,10.0,2.0,,24,4.3,3.0,,3.583333333,1.0,26,,9.0,4.0,3.461538462,,4.555555556,13.0,12.0,11,4.076923077,3.5,3.636363636
33780,"Monroe, MI",22,3.136363636,10.0,1.0,5.0,3.0,3.0,,3.2,4.0,3.0,3.0,3.0,,1.0,1.0,,20,4.0,5.0,,3.0,5.0,14,2.0,1.0,3.6,2.857142857,3.5,4.0,8.0,6.0,8,3.625,3.0,2.75
33860,"Montgomery, AL",97,3.505154639,39.0,9.0,24.0,12.0,8.0,5.0,3.128205128,4.333333333,3.625,3.833333333,3.375,3.8,7.0,10.0,,80,4.142857143,3.4,,3.4625,8.0,68,15.0,6.0,4.125,3.367647059,3.6,4.0,21.0,34.0,42,3.761904762,3.382352941,3.476190476
34060,"Morgantown, WV",64,3.40625,21.0,2.0,22.0,14.0,4.0,1.0,3.142857143,3.0,3.545454545,3.857142857,3.25,1.0,2.0,5.0,,57,2.5,3.4,,3.438596491,4.0,53,5.0,2.0,3.75,3.41509434,2.8,4.0,13.0,24.0,27,3.230769231,3.791666667,3.148148148
34100,"Morristown, TN",24,3.625,10.0,1.0,8.0,3.0,2.0,,3.9,5.0,2.375,4.666666667,5.0,,2.0,1.0,,21,4.5,1.0,,3.666666667,,22,1.0,1.0,,3.681818182,1.0,5.0,5.0,7.0,12,4.2,3.571428571,3.416666667
34580,"Mount Vernon-Anacortes, WA",6,3.166666667,3.0,,1.0,,2.0,,2.666666667,,4.0,,3.5,,,,,6,,,,3.166666667,1.0,3,1.0,1.0,4.0,2.666666667,3.0,4.0,1.0,,5,4.0,,3.0
34620,"Muncie, IN",55,3.472727273,24.0,,18.0,9.0,3.0,1.0,3.583333333,,3.333333333,3.555555556,3.0,4.0,,3.0,,52,,3.666666667,,3.461538462,3.0,44,2.0,6.0,3.666666667,3.431818182,4.0,3.5,11.0,19.0,25,3.363636364,3.578947368,3.44
34740,"Muskegon, MI",26,3.538461538,9.0,,13.0,2.0,2.0,,3.444444444,,3.692307692,4.0,2.5,,,1.0,,25,,3.0,,3.56,1.0,23,2.0,,5.0,3.47826087,3.5,,5.0,6.0,15,4.2,4.333333333,3.0
34820,"Myrtle Beach-Conway-North Myrtle Beach, SC-NC",156,3.884615385,51.0,6.0,41.0,28.0,20.0,10.0,3.843137255,5.0,4.024390244,3.464285714,3.65,4.5,3.0,73.0,,80,4.333333333,4.301369863,,3.4875,11.0,113,7.0,25.0,3.727272727,3.849557522,3.571428571,4.2,77.0,41.0,38,4.012987013,4.097560976,3.394736842
34900,"Napa, CA",17,3.647058824,8.0,,5.0,3.0,1.0,,3.875,,3.8,2.333333333,5.0,,,6.0,,11,,4.0,,3.454545455,,12,1.0,4.0,,3.333333333,4.0,4.5,5.0,7.0,5,4.4,3.714285714,2.8
34940,"Naples-Marco Island, FL",73,3.630136986,22.0,3.0,19.0,17.0,8.0,4.0,3.772727273,3.666666667,3.684210526,3.294117647,3.375,4.5,5.0,31.0,,37,3.4,4.032258065,,3.324324324,3.0,53,5.0,12.0,3.0,3.452830189,4.0,4.416666667,19.0,39.0,15,3.789473684,3.769230769,3.066666667
34980,"Nashville-Davidson--Murfreesboro--Franklin, TN",318,3.559748428,97.0,12.0,103.0,60.0,34.0,12.0,3.597938144,4.166666667,3.601941748,3.4,3.294117647,3.833333333,6.0,22.0,,290,3.0,4.272727273,,3.517241379,9.0,254,29.0,26.0,3.555555556,3.464566929,3.724137931,4.307692308,66.0,127.0,125,3.515151515,3.74015748,3.4
35100,"New Bern, NC",15,3.4,4.0,,5.0,6.0,,,3.0,,4.0,3.166666667,,,,,,15,,,,3.4,1.0,11,2.0,1.0,3.0,3.545454545,4.0,1.0,2.0,1.0,12,2.0,4.0,3.583333333
35380,"New Orleans-Metairie, LA",430,3.788372093,138.0,27.0,130.0,82.0,35.0,18.0,3.797101449,4.333333333,3.553846154,3.890243902,4.0,3.722222222,65.0,143.0,,222,3.8,4.125874126,,3.567567568,24.0,272,37.0,97.0,3.958333333,3.658088235,4.027027027,4.020618557,168.0,140.0,122,4.0,3.728571429,3.56557377
35620,"New York-Newark-Jersey City, NY-NJ-PA",2445,3.738650307,759.0,102.0,807.0,446.0,225.0,106.0,3.62055336,4.039215686,3.711276332,3.816143498,3.804444444,4.037735849,165.0,452.0,5.0,1823,3.878787879,4.030973451,3.2,3.654964344,153.0,1735,181.0,376.0,3.745098039,3.658213256,3.806629834,4.074468085,683.0,768.0,994,3.919472914,3.73046875,3.620724346
35660,"Niles, MI",15,3.6,4.0,1.0,6.0,2.0,2.0,,3.75,2.0,3.5,3.5,4.5,,,3.0,,12,,4.666666667,,3.333333333,1.0,10,2.0,2.0,5.0,3.3,4.5,3.5,3.0,6.0,6,4.0,3.666666667,3.333333333
35840,"North Port-Sarasota-Bradenton, FL",146,3.52739726,51.0,5.0,48.0,22.0,14.0,6.0,3.431372549,4.6,3.333333333,3.636363636,3.642857143,4.333333333,4.0,22.0,,120,5.0,3.590909091,,3.466666667,4.0,117,17.0,8.0,3.75,3.444444444,3.647058824,4.375,26.0,57.0,63,3.730769231,3.701754386,3.285714286
36100,"Ocala, FL",48,3.25,16.0,,20.0,5.0,6.0,1.0,3.0,,3.7,2.4,2.833333333,5.0,2.0,2.0,,44,2.0,4.0,,3.272727273,2.0,40,3.0,3.0,3.0,3.3,3.333333333,2.666666667,9.0,20.0,19,3.111111111,3.5,3.052631579
36140,"Ocean City, NJ",4,3.5,2.0,,1.0,,1.0,,4.5,,3.0,,2.0,,1.0,1.0,,2,4.0,5.0,,2.5,1.0,3,,,3.0,3.666666667,,,1.0,2.0,1,4.0,4.0,2.0
36220,"Odessa, TX",11,4.181818182,6.0,,4.0,1.0,,,4.666666667,,3.75,3.0,,,,1.0,,10,,5.0,,4.1,2.0,9,,,5.0,4.0,,,2.0,7.0,2,5.0,3.857142857,4.5
36260,"Ogden-Clearfield, UT",106,3.745283019,42.0,,30.0,29.0,3.0,2.0,3.619047619,,3.933333333,3.724137931,3.333333333,4.5,2.0,9.0,,95,4.5,3.777777778,,3.726315789,7.0,91,7.0,1.0,3.714285714,3.714285714,4.0,5.0,13.0,37.0,56,3.769230769,3.837837838,3.678571429
36420,"Oklahoma City, OK",447,3.516778523,178.0,5.0,145.0,53.0,48.0,18.0,3.573033708,3.2,3.393103448,3.471698113,3.75,3.555555556,18.0,55.0,2.0,372,3.611111111,3.945454545,4.0,3.446236559,23.0,332,52.0,40.0,4.130434783,3.5,3.346153846,3.525,100.0,144.0,203,3.73,3.534722222,3.399014778
36500,"Olympia-Lacey-Tumwater, WA",55,3.509090909,23.0,2.0,18.0,8.0,4.0,,3.47826087,4.5,3.611111111,3.25,3.25,,2.0,13.0,,40,3.5,4.153846154,,3.3,4.0,45,2.0,4.0,4.25,3.333333333,3.0,5.0,9.0,20.0,26,4.111111111,3.55,3.269230769
36540,"Omaha-Council Bluffs, NE-IA",268,3.597014925,73.0,11.0,77.0,54.0,31.0,22.0,3.698630137,3.545454545,3.519480519,3.62962963,3.677419355,3.363636364,9.0,88.0,,171,3.333333333,3.704545455,,3.555555556,8.0,200,23.0,37.0,3.5,3.555,3.739130435,3.756756757,91.0,85.0,92,3.626373626,3.682352941,3.489130435
36740,"Orlando-Kissimmee-Sanford, FL",2588,3.718315301,684.0,134.0,836.0,510.0,321.0,103.0,3.703216374,3.932835821,3.625598086,3.8,3.794392523,3.650485437,36.0,832.0,705.0,1015,3.194444444,3.852163462,3.914893617,3.490640394,161.0,1785,177.0,465.0,3.689440994,3.654901961,3.661016949,3.993548387,1080.0,1018.0,490,3.812037037,3.76719057,3.410204082
36780,"Oshkosh-Neenah, WI",27,3.777777778,13.0,2.0,3.0,7.0,2.0,,4.0,4.0,3.0,3.571428571,4.0,,,,,27,,,,3.777777778,1.0,23,2.0,1.0,4.0,3.739130435,3.5,5.0,2.0,7.0,18,4.5,4.142857143,3.555555556
36980,"Owensboro, KY",27,3.962962963,10.0,4.0,9.0,,2.0,2.0,4.6,4.25,3.222222222,,3.0,4.5,6.0,1.0,,20,4.166666667,5.0,,3.85,1.0,22,1.0,3.0,3.0,3.863636364,5.0,4.666666667,7.0,14.0,6,4.142857143,3.928571429,3.833333333
37100,"Oxnard-Thousand Oaks-Ventura, CA",105,3.657142857,33.0,,34.0,24.0,13.0,1.0,3.727272727,,3.705882353,3.625,3.461538462,3.0,2.0,11.0,,92,4.5,3.454545455,,3.663043478,6.0,87,5.0,7.0,3.166666667,3.712643678,3.6,3.428571429,19.0,40.0,46,3.526315789,3.7,3.673913043
37340,"Palm Bay-Melbourne-Titusville, FL",127,3.653543307,37.0,8.0,48.0,23.0,5.0,6.0,3.918918919,3.5,3.270833333,4.043478261,3.8,3.666666667,10.0,19.0,1.0,97,4.0,4.368421053,5.0,3.463917526,10.0,100,8.0,9.0,4.1,3.57,3.625,4.111111111,27.0,44.0,56,3.851851852,3.977272727,3.303571429
37460,"Panama City, FL",41,3.853658537,19.0,,15.0,6.0,1.0,,3.842105263,,3.733333333,4.0,5.0,,1.0,7.0,,33,5.0,3.571428571,,3.878787879,4.0,33,2.0,2.0,3.75,3.787878788,4.0,5.0,10.0,18.0,13,4.2,3.888888889,3.538461538
37620,"Parkersburg-Vienna, WV",15,3.933333333,3.0,1.0,5.0,4.0,1.0,1.0,3.333333333,5.0,4.2,3.75,5.0,3.0,,,,15,,,,3.933333333,1.0,12,1.0,1.0,5.0,3.833333333,3.0,5.0,1.0,5.0,9,5.0,3.6,4.0
37860,"Pensacola-Ferry Pass-Brent, FL",132,3.446969697,42.0,4.0,48.0,18.0,12.0,8.0,3.19047619,2.75,3.645833333,3.722222222,3.5,3.25,1.0,10.0,,121,5.0,3.4,,3.438016529,13.0,97,10.0,12.0,3.846153846,3.298969072,3.8,3.916666667,28.0,49.0,55,3.392857143,3.612244898,3.327272727
37900,"Peoria, IL",66,3.651515152,20.0,2.0,24.0,13.0,7.0,,3.35,4.5,3.75,3.615384615,4.0,,3.0,10.0,,53,3.666666667,4.1,,3.566037736,2.0,52,7.0,5.0,3.5,3.576923077,4.0,4.0,13.0,21.0,32,3.307692308,3.761904762,3.71875
37980,"Philadelphia-Camden-Wilmington, PA-NJ-DE-MD",1012,3.503952569,302.0,43.0,338.0,188.0,105.0,36.0,3.543046358,3.976744186,3.426035503,3.39893617,3.60952381,3.583333333,171.0,130.0,,711,3.426900585,3.923076923,,3.445850914,50.0,724,82.0,156.0,3.28,3.453038674,3.585365854,3.769230769,302.0,322.0,388,3.612582781,3.50931677,3.414948454
38060,"Phoenix-Mesa-Chandler, AZ",1586,3.643127364,488.0,51.0,519.0,313.0,167.0,48.0,3.637295082,3.725490196,3.612716763,3.549520767,3.856287425,3.8125,39.0,361.0,3.0,1183,3.512820513,3.886426593,3.666666667,3.573119189,61.0,1192,117.0,216.0,3.721311475,3.526845638,3.837606838,4.157407407,401.0,574.0,611,3.877805486,3.696864111,3.438625205
38220,"Pine Bluff, AR",7,4.285714286,3.0,,,4.0,,,4.333333333,,,4.25,,,2.0,,,5,3.5,,,4.6,,5,1.0,1.0,,4.6,3.0,4.0,1.0,,6,4.0,,4.333333333
38300,"Pittsburgh, PA",483,3.50310559,143.0,16.0,158.0,90.0,50.0,26.0,3.517482517,4.25,3.462025316,3.477777778,3.52,3.269230769,32.0,76.0,4.0,371,3.59375,4.092105263,3.5,3.374663073,42.0,369,29.0,43.0,3.738095238,3.43902439,3.275862069,3.976744186,118.0,143.0,222,3.779661017,3.545454545,3.328828829
38340,"Pittsfield, MA",8,3.875,1.0,,4.0,1.0,1.0,1.0,4.0,,3.75,5.0,5.0,2.0,1.0,1.0,,6,5.0,5.0,,3.5,2.0,5,,1.0,2.0,4.4,,5.0,3.0,4.0,1,3.0,4.5,4.0
38540,"Pocatello, ID",13,3.230769231,4.0,1.0,4.0,3.0,1.0,,3.25,4.0,3.5,2.666666667,3.0,,,3.0,,10,,4.0,,3.0,1.0,10,2.0,,4.0,3.1,3.5,,1.0,7.0,5,4.0,3.142857143,3.2
38940,"Port St. Lucie, FL",43,3.418604651,18.0,2.0,13.0,7.0,2.0,1.0,3.722222222,2.5,3.153846154,3.571428571,2.5,4.0,,2.0,,41,,3.5,,3.414634146,6.0,34,2.0,1.0,3.833333333,3.294117647,3.5,5.0,6.0,21.0,16,4.0,3.428571429,3.1875
38860,"Portland-South Portland, ME",61,3.196721311,25.0,3.0,18.0,10.0,3.0,2.0,3.2,4.0,3.111111111,3.4,2.0,3.5,3.0,7.0,,51,3.666666667,3.285714286,,3.156862745,4.0,51,3.0,3.0,3.25,3.078431373,3.666666667,4.666666667,12.0,18.0,31,3.5,3.222222222,3.064516129
38900,"Portland-Vancouver-Hillsboro, OR-WA",539,3.448979592,190.0,17.0,180.0,88.0,44.0,20.0,3.336842105,3.0,3.405555556,3.681818182,3.909090909,3.25,20.0,94.0,,425,3.2,3.946808511,,3.350588235,16.0,428,51.0,44.0,3.5,3.387850467,3.666666667,3.772727273,112.0,181.0,246,3.553571429,3.44198895,3.406504065
39100,"Poughkeepsie-Newburgh-Middletown, NY",79,3.772151899,25.0,1.0,20.0,19.0,11.0,3.0,3.88,4.0,3.4,3.684210526,4.181818182,4.333333333,8.0,4.0,,67,3.75,3.25,,3.805970149,1.0,65,6.0,7.0,5.0,3.8,2.666666667,4.285714286,14.0,27.0,38,4.071428571,3.814814815,3.631578947
39300,"Providence-Warwick, RI-MA",158,3.601265823,37.0,10.0,59.0,28.0,16.0,8.0,3.459459459,4.4,3.593220339,3.5,3.5,3.875,10.0,28.0,,120,4.2,4.0,,3.458333333,9.0,116,17.0,16.0,3.444444444,3.49137931,3.647058824,4.4375,38.0,40.0,80,4.263157895,3.725,3.225
39340,"Provo-Orem, UT",139,3.827338129,52.0,2.0,54.0,20.0,7.0,4.0,3.807692308,5.0,3.888888889,3.65,3.857142857,3.5,,9.0,,130,,4.444444444,,3.784615385,4.0,119,8.0,8.0,3.75,3.781512605,4.125,4.25,14.0,70.0,55,3.714285714,3.928571429,3.727272727
39380,"Pueblo, CO",22,3.318181818,10.0,,10.0,1.0,1.0,,3.3,,3.4,4.0,2.0,,,2.0,,20,,2.5,,3.4,1.0,17,2.0,2.0,4.0,3.294117647,3.0,3.5,3.0,7.0,12,3.666666667,3.285714286,3.25
39460,"Punta Gorda, FL",23,4.0,7.0,3.0,4.0,3.0,4.0,2.0,3.857142857,4.666666667,3.25,4.333333333,4.5,3.5,7.0,1.0,,15,4.571428571,4.0,,3.733333333,2.0,13,2.0,6.0,3.5,4.0,3.0,4.5,9.0,6.0,8,3.888888889,4.0,4.125
39540,"Racine, WI",24,3.958333333,12.0,2.0,4.0,3.0,3.0,,3.833333333,5.0,3.75,3.333333333,4.666666667,,,1.0,,23,,5.0,,3.913043478,2.0,20,2.0,,3.5,3.95,4.5,,4.0,6.0,14,4.0,3.833333333,4.0
39580,"Raleigh-Cary, NC",450,3.546666667,147.0,14.0,150.0,68.0,42.0,29.0,3.530612245,4.285714286,3.373333333,3.720588235,3.452380952,3.896551724,13.0,52.0,1.0,384,3.153846154,3.596153846,3.0,3.5546875,28.0,337,40.0,45.0,3.321428571,3.534124629,3.425,3.888888889,96.0,151.0,203,3.59375,3.549668874,3.522167488
39660,"Rapid City, SD",23,3.391304348,12.0,1.0,7.0,,3.0,,3.0,5.0,3.285714286,,4.666666667,,1.0,4.0,,18,5.0,3.75,,3.222222222,1.0,19,1.0,2.0,5.0,3.421052632,2.0,3.0,3.0,8.0,12,4.333333333,2.875,3.5
39740,"Reading, PA",62,3.483870968,21.0,2.0,21.0,10.0,6.0,2.0,3.619047619,4.0,3.142857143,3.6,3.833333333,3.5,4.0,6.0,,52,3.75,5.0,,3.288461538,5.0,52,3.0,2.0,3.4,3.442307692,3.333333333,5.0,14.0,19.0,29,3.857142857,3.842105263,3.068965517
39820,"Redding, CA",26,3.307692308,7.0,,15.0,1.0,3.0,,3.714285714,,3.133333333,4.0,3.0,,,8.0,,18,,3.375,,3.277777778,4.0,19,1.0,2.0,3.25,3.368421053,2.0,3.5,7.0,8.0,11,3.142857143,3.625,3.181818182
39900,"Reno, NV",101,3.504950495,43.0,4.0,32.0,14.0,8.0,,3.325581395,3.0,3.84375,3.357142857,3.625,,3.0,15.0,,83,3.666666667,4.0,,3.409638554,4.0,85,7.0,5.0,3.5,3.541176471,2.428571429,4.4,17.0,40.0,44,4.058823529,3.425,3.363636364
40060,"Richmond, VA",382,3.418848168,156.0,13.0,114.0,52.0,32.0,15.0,3.33974359,4.230769231,3.245614035,3.615384615,3.59375,3.8,26.0,53.0,,303,3.115384615,4.056603774,,3.333333333,21.0,285,32.0,44.0,3.428571429,3.30877193,3.4375,4.113636364,109.0,125.0,148,3.605504587,3.384,3.310810811
40140,"Riverside-San Bernardino-Ontario, CA",848,3.541273585,260.0,23.0,290.0,163.0,87.0,25.0,3.523076923,3.913043478,3.424137931,3.515337423,3.827586207,3.92,26.0,111.0,1.0,710,3.884615385,4.18018018,4.0,3.428169014,52.0,691,53.0,52.0,3.423076923,3.484804631,3.622641509,4.326923077,166.0,292.0,390,3.644578313,3.715753425,3.366666667
40220,"Roanoke, VA",60,3.316666667,25.0,2.0,22.0,7.0,3.0,1.0,3.08,4.5,3.454545455,3.285714286,3.666666667,3.0,3.0,7.0,,50,2.0,3.857142857,,3.32,5.0,43,8.0,4.0,4.2,3.069767442,3.75,4.0,9.0,22.0,29,3.444444444,3.136363636,3.413793103
40340,"Rochester, MN",48,3.604166667,13.0,2.0,12.0,14.0,6.0,1.0,2.846153846,3.5,4.0,3.642857143,4.333333333,4.0,3.0,7.0,,38,3.666666667,3.714285714,,3.578947368,1.0,38,5.0,4.0,2.0,3.605263158,4.2,3.25,7.0,18.0,23,3.285714286,3.944444444,3.434782609
40380,"Rochester, NY",132,3.590909091,45.0,5.0,47.0,22.0,11.0,2.0,3.644444444,4.4,3.638297872,3.409090909,3.454545455,2.0,12.0,14.0,,106,4.0,3.285714286,,3.58490566,9.0,108,9.0,6.0,4.333333333,3.490740741,3.666666667,4.166666667,27.0,52.0,53,3.703703704,3.730769231,3.396226415
40420,"Rockford, IL",74,3.472972973,17.0,5.0,30.0,11.0,8.0,3.0,3.588235294,3.0,3.4,3.272727273,3.75,4.333333333,5.0,8.0,,61,1.8,3.0,,3.672131148,4.0,59,9.0,2.0,4.25,3.457627119,3.111111111,4.0,13.0,29.0,32,3.538461538,3.413793103,3.5
40580,"Rocky Mount, NC",26,3.384615385,7.0,1.0,10.0,5.0,3.0,,3.428571429,4.0,3.9,2.6,2.666666667,,5.0,1.0,,20,2.6,5.0,,3.5,1.0,19,4.0,2.0,3.0,3.578947368,2.75,3.0,5.0,8.0,13,3.0,3.625,3.384615385
40660,"Rome, GA",26,3.307692308,6.0,1.0,13.0,4.0,2.0,,2.5,5.0,3.307692308,4.5,2.5,,3.0,1.0,,22,4.666666667,5.0,,3.045454545,2.0,19,2.0,3.0,4.0,3.210526316,4.0,3.0,8.0,8.0,10,3.375,3.625,3.0
40900,"Sacramento-Roseville-Folsom, CA",515,3.52815534,162.0,16.0,161.0,109.0,53.0,14.0,3.549382716,4.0625,3.366459627,3.541284404,3.641509434,4.0,13.0,70.0,,432,4.076923077,3.928571429,,3.446759259,21.0,420,38.0,36.0,3.285714286,3.497619048,3.447368421,4.111111111,93.0,169.0,253,3.494623656,3.639053254,3.466403162
40980,"Saginaw, MI",32,3.84375,10.0,,11.0,8.0,3.0,,4.4,,3.181818182,4.125,3.666666667,,3.0,2.0,1.0,26,4.0,3.0,5.0,3.846153846,2.0,28,1.0,1.0,3.0,3.928571429,3.0,4.0,5.0,12.0,15,3.2,3.833333333,4.066666667
41420,"Salem, OR",56,3.357142857,20.0,3.0,13.0,13.0,6.0,1.0,3.1,4.666666667,2.923076923,4.153846154,2.833333333,3.0,6.0,5.0,,45,3.166666667,3.8,,3.333333333,3.0,45,4.0,4.0,2.0,3.466666667,3.75,2.75,12.0,16.0,28,3.166666667,3.5,3.357142857
41500,"Salinas, CA",45,3.755555556,25.0,,11.0,6.0,3.0,,3.72,,3.727272727,3.833333333,4.0,,3.0,9.0,,33,3.666666667,4.0,,3.696969697,,37,3.0,5.0,,3.621621622,4.666666667,4.2,6.0,14.0,25,4.333333333,3.357142857,3.84
41540,"Salisbury, MD-DE",52,3.673076923,16.0,3.0,21.0,6.0,3.0,3.0,3.75,3.333333333,3.619047619,3.5,4.666666667,3.333333333,,7.0,,45,,4.0,,3.622222222,5.0,37,5.0,5.0,3.2,3.810810811,2.6,4.2,11.0,18.0,23,3.454545455,4.055555556,3.47826087
41620,"Salt Lake City, UT",371,3.638814016,131.0,13.0,110.0,68.0,33.0,16.0,3.488549618,4.153846154,3.490909091,3.926470588,3.757575758,4.0,10.0,100.0,,261,3.7,3.73,,3.601532567,20.0,272,31.0,48.0,3.95,3.547794118,3.580645161,4.0625,103.0,135.0,133,3.718446602,3.688888889,3.526315789
41660,"San Angelo, TX",21,3.523809524,10.0,,8.0,3.0,,,3.4,,3.25,4.666666667,,,2.0,1.0,,18,3.0,5.0,,3.5,2.0,17,2.0,,3.5,3.352941176,5.0,,5.0,6.0,10,4.4,3.333333333,3.2
41700,"San Antonio-New Braunfels, TX",930,3.67311828,306.0,23.0,310.0,163.0,85.0,43.0,3.552287582,4.47826087,3.648387097,3.779141104,3.752941176,3.720930233,40.0,170.0,1.0,719,3.8,4.0,3.0,3.589707928,56.0,704,77.0,93.0,3.428571429,3.610795455,3.649350649,4.311827957,241.0,329.0,360,3.829875519,3.674772036,3.566666667
41740,"San Diego-Chula Vista-Carlsbad, CA",1013,3.752221125,275.0,33.0,326.0,222.0,106.0,51.0,3.741818182,3.848484848,3.726993865,3.842342342,3.594339623,3.843137255,30.0,285.0,,698,3.1,4.045614035,,3.660458453,39.0,796,62.0,116.0,3.538461538,3.706030151,3.580645161,4.232758621,265.0,392.0,356,3.932075472,3.775510204,3.592696629
41860,"San Francisco-Oakland-Berkeley, CA",980,3.742857143,333.0,52.0,306.0,180.0,70.0,39.0,3.672672673,4.038461538,3.640522876,3.838888889,4.042857143,3.769230769,38.0,288.0,,654,3.473684211,4.142361111,,3.582568807,56.0,689,55.0,180.0,3.678571429,3.674891147,3.545454545,4.083333333,278.0,355.0,347,3.938848921,3.847887324,3.478386167
41940,"San Jose-Sunnyvale-Santa Clara, CA",453,3.816777042,158.0,14.0,162.0,66.0,41.0,12.0,3.784810127,3.928571429,3.716049383,3.924242424,3.975609756,4.333333333,15.0,85.0,5.0,348,3.866666667,4.141176471,4.0,3.732758621,19.0,353,29.0,52.0,3.578947368,3.756373938,3.689655172,4.384615385,98.0,156.0,199,4.06122449,3.814102564,3.698492462
42020,"San Luis Obispo-Paso Robles, CA",38,3.447368421,16.0,,14.0,3.0,4.0,1.0,3.625,,3.142857143,3.0,3.75,5.0,,5.0,,33,,3.8,,3.393939394,1.0,34,,3.0,2.0,3.441176471,,4.0,7.0,20.0,11,2.714285714,3.65,3.545454545
42100,"Santa Cruz-Watsonville, CA",30,3.466666667,13.0,,14.0,2.0,1.0,,3.307692308,,3.571428571,3.0,5.0,,2.0,2.0,,26,5.0,2.0,,3.461538462,1.0,25,3.0,1.0,2.0,3.44,4.0,4.0,4.0,9.0,17,4.0,3.0,3.588235294
42140,"Santa Fe, NM",15,4.0,4.0,1.0,5.0,3.0,1.0,1.0,3.25,4.0,4.0,4.666666667,5.0,4.0,,8.0,,7,,4.375,,3.571428571,,11,,4.0,,3.909090909,,4.25,4.0,8.0,3,4.5,3.875,3.666666667
42200,"Santa Maria-Santa Barbara, CA",79,3.632911392,31.0,2.0,32.0,6.0,5.0,3.0,3.580645161,5.0,3.875,3.333333333,2.6,3.0,2.0,23.0,,54,4.5,3.826086957,,3.518518519,4.0,64,4.0,7.0,3.25,3.703125,3.25,3.428571429,16.0,33.0,30,3.4375,3.878787879,3.466666667
42220,"Santa Rosa-Petaluma, CA",76,3.618421053,20.0,2.0,38.0,10.0,3.0,3.0,3.15,3.0,3.710526316,3.8,4.666666667,4.333333333,,16.0,,60,,3.875,,3.55,4.0,62,5.0,5.0,3.0,3.596774194,4.0,4.0,12.0,34.0,30,3.5,3.676470588,3.6
42340,"Savannah, GA",164,3.640243902,52.0,13.0,57.0,24.0,12.0,6.0,3.538461538,4.384615385,3.526315789,3.666666667,4.083333333,3.0,14.0,48.0,,102,4.071428571,3.604166667,,3.598039216,11.0,111,17.0,25.0,3.727272727,3.522522523,3.529411765,4.2,60.0,60.0,44,3.866666667,3.383333333,3.681818182
42540,"Scranton--Wilkes-Barre, PA",104,3.375,33.0,3.0,21.0,23.0,16.0,8.0,3.393939394,3.0,3.0,3.217391304,3.625,4.375,17.0,10.0,,77,3.529411765,3.2,,3.363636364,6.0,84,8.0,6.0,2.833333333,3.321428571,4.0,3.833333333,24.0,30.0,50,3.208333333,3.533333333,3.36
42660,"Seattle-Tacoma-Bellevue, WA",998,3.539078156,335.0,34.0,308.0,188.0,94.0,39.0,3.468656716,3.882352941,3.496753247,3.505319149,3.723404255,3.897435897,19.0,191.0,9.0,779,2.894736842,3.869109948,4.333333333,3.464698331,43.0,706,109.0,140.0,3.558139535,3.437677054,3.403669725,4.15,276.0,291.0,431,3.768115942,3.635738832,3.327146172
42680,"Sebastian-Vero Beach, FL",24,3.416666667,9.0,,8.0,2.0,2.0,3.0,3.444444444,,3.375,2.0,3.5,4.333333333,1.0,3.0,,20,5.0,3.666666667,,3.3,2.0,20,1.0,1.0,3.5,3.45,1.0,5.0,3.0,11.0,10,3.666666667,3.545454545,3.2
42700,"Sebring-Avon Park, FL",17,3.647058824,8.0,,2.0,4.0,3.0,,3.0,,3.5,4.0,5.0,,3.0,,,14,5.0,,,3.357142857,,14,1.0,2.0,,3.357142857,5.0,5.0,3.0,3.0,11,5.0,4.333333333,3.090909091
43100,"Sheboygan, WI",15,3.933333333,4.0,1.0,2.0,5.0,1.0,2.0,3.5,3.0,3.5,4.8,3.0,4.0,1.0,,,14,5.0,,,3.857142857,,13,1.0,1.0,,3.923076923,3.0,5.0,2.0,6.0,7,5.0,4.0,3.571428571
43300,"Sherman-Denison, TX",29,3.586206897,9.0,1.0,10.0,7.0,2.0,,4.111111111,2.0,3.3,3.857142857,2.5,,1.0,4.0,,24,3.0,4.5,,3.458333333,1.0,25,2.0,1.0,3.0,3.72,2.5,3.0,3.0,13.0,13,3.333333333,3.923076923,3.307692308
43340,"Shreveport-Bossier City, LA",69,3.739130435,20.0,3.0,23.0,14.0,8.0,1.0,3.75,5.0,3.217391304,3.928571429,4.25,5.0,2.0,5.0,,62,5.0,3.6,,3.709677419,1.0,57,6.0,5.0,3.0,3.754385965,3.166666667,4.4,16.0,20.0,33,3.9375,3.7,3.666666667
43420,"Sierra Vista-Douglas, AZ",3,4.333333333,1.0,,1.0,,1.0,,5.0,,4.0,,4.0,,,,,3,,,,4.333333333,,2,1.0,,,4.5,4.0,,,1.0,2,,5.0,4.0
43580,"Sioux City, IA-NE-SD",17,3.588235294,5.0,,7.0,2.0,3.0,,4.4,,3.285714286,4.0,2.666666667,,,,,17,,,,3.588235294,,14,2.0,1.0,,3.5,3.5,5.0,1.0,5.0,11,5.0,3.6,3.454545455
43620,"Sioux Falls, SD",33,3.454545455,14.0,,13.0,3.0,3.0,,3.571428571,,3.230769231,4.333333333,3.0,,1.0,2.0,,30,3.0,4.0,,3.433333333,5.0,26,1.0,1.0,2.8,3.576923077,4.0,3.0,8.0,10.0,15,3.125,4.0,3.266666667
43780,"South Bend-Mishawaka, IN-MI",78,3.653846154,23.0,3.0,33.0,8.0,9.0,2.0,4.086956522,4.0,3.545454545,3.875,3.222222222,1.0,4.0,14.0,2.0,58,3.75,3.857142857,2.0,3.655172414,9.0,54,9.0,6.0,4.333333333,3.703703704,2.777777778,3.5,18.0,22.0,38,3.944444444,3.454545455,3.631578947
43900,"Spartanburg, SC",79,3.797468354,29.0,3.0,26.0,14.0,5.0,2.0,3.448275862,5.0,3.769230769,4.071428571,4.4,4.0,6.0,4.0,,69,4.333333333,3.75,,3.753623188,4.0,58,7.0,10.0,2.75,3.706896552,3.857142857,4.7,23.0,27.0,29,3.782608696,4.074074074,3.551724138
44060,"Spokane-Spokane Valley, WA",97,3.360824742,31.0,5.0,35.0,18.0,6.0,2.0,3.064516129,3.6,3.542857143,3.333333333,3.5,4.0,2.0,8.0,,87,4.0,3.5,,3.333333333,6.0,77,11.0,3.0,3.166666667,3.324675325,3.727272727,3.333333333,15.0,21.0,61,3.2,3.476190476,3.360655738
44100,"Springfield, IL",44,3.568181818,17.0,,12.0,6.0,7.0,2.0,3.588235294,,4.083333333,3.0,3.571428571,2.0,1.0,4.0,,39,3.0,3.0,,3.641025641,3.0,33,4.0,4.0,2.0,3.575757576,4.5,3.75,9.0,13.0,22,3.111111111,3.153846154,4.0
44140,"Springfield, MA",53,3.773584906,18.0,3.0,18.0,6.0,6.0,2.0,3.944444444,4.666666667,3.333333333,3.833333333,4.0,4.0,3.0,11.0,,39,4.666666667,4.0,,3.641025641,2.0,36,6.0,9.0,3.5,3.694444444,4.333333333,3.777777778,13.0,10.0,30,3.384615385,4.6,3.666666667
44180,"Springfield, MO",135,3.740740741,41.0,2.0,44.0,31.0,12.0,5.0,3.658536585,3.5,3.681818182,3.64516129,4.5,3.8,3.0,17.0,,115,3.666666667,4.058823529,,3.695652174,10.0,103,15.0,7.0,3.3,3.631067961,4.4,4.571428571,27.0,56.0,52,3.666666667,3.714285714,3.807692308
44220,"Springfield, OH",21,3.619047619,8.0,,7.0,3.0,3.0,,4.125,,3.142857143,4.0,3.0,,,3.0,,18,,3.666666667,,3.611111111,,19,2.0,,,3.578947368,4.0,,2.0,12.0,7,2.5,3.583333333,4.0
41060,"St. Cloud, MN",9,3.888888889,3.0,,1.0,4.0,,1.0,4.0,,5.0,3.5,,4.0,1.0,,,8,4.0,,,3.875,,8,,1.0,,3.875,,4.0,2.0,2.0,5,3.5,4.0,4.0
41100,"St. George, UT",21,3.619047619,7.0,,9.0,4.0,,1.0,3.857142857,,3.444444444,3.25,,5.0,1.0,4.0,,16,5.0,4.0,,3.4375,3.0,11,4.0,3.0,4.333333333,3.454545455,2.75,4.666666667,5.0,10.0,6,4.6,3.3,3.333333333
41180,"St. Louis, MO-IL",312,3.423076923,93.0,10.0,118.0,62.0,23.0,6.0,3.301075269,2.6,3.5,3.741935484,3.086956522,3.166666667,6.0,19.0,,287,4.0,3.421052632,,3.411149826,13.0,262,21.0,16.0,3.384615385,3.400763359,3.666666667,3.5,50.0,106.0,156,3.54,3.528301887,3.314102564
44300,"State College, PA",40,4.2,17.0,1.0,17.0,3.0,,2.0,4.117647059,5.0,4.117647059,4.333333333,,5.0,,5.0,,35,,4.8,,4.114285714,2.0,31,3.0,4.0,4.5,4.096774194,4.333333333,4.75,7.0,12.0,21,4.714285714,4.083333333,4.095238095
44420,"Staunton, VA",21,3.428571429,8.0,,6.0,4.0,3.0,,3.375,,3.666666667,2.75,4.0,,,3.0,,18,,3.333333333,,3.444444444,1.0,18,1.0,1.0,3.0,3.333333333,4.0,5.0,2.0,11.0,8,4.0,3.545454545,3.125
44700,"Stockton, CA",135,3.562962963,62.0,3.0,43.0,18.0,7.0,2.0,3.516129032,3.666666667,3.395348837,3.888888889,3.714285714,5.0,,22.0,,113,,4.045454545,,3.469026549,11.0,117,3.0,4.0,3.454545455,3.52991453,4.666666667,4.0,19.0,61.0,55,4.052631579,3.524590164,3.436363636
44940,"Sumter, SC",15,4.0,7.0,2.0,1.0,4.0,1.0,,3.857142857,5.0,5.0,3.75,3.0,,,1.0,,14,,4.0,,4.0,1.0,12,2.0,,1.0,4.416666667,3.0,,1.0,9.0,5,4.0,4.0,4.0
45060,"Syracuse, NY",98,3.132653061,44.0,3.0,25.0,17.0,8.0,1.0,2.977272727,2.666666667,3.36,3.117647059,3.5,3.0,7.0,10.0,,81,3.571428571,3.7,,3.024691358,8.0,80,6.0,4.0,2.375,3.1625,3.166666667,4.0,17.0,32.0,49,2.705882353,3.28125,3.183673469
45220,"Tallahassee, FL",185,3.513513514,62.0,1.0,73.0,33.0,11.0,5.0,3.516129032,4.0,3.657534247,3.393939394,2.818181818,3.6,14.0,20.0,1.0,150,3.071428571,4.0,2.0,3.5,11.0,147,14.0,13.0,3.818181818,3.448979592,3.785714286,3.692307692,30.0,71.0,84,3.533333333,3.661971831,3.380952381
45300,"Tampa-St. Petersburg-Clearwater, FL",907,3.558985667,275.0,34.0,304.0,174.0,85.0,35.0,3.494545455,4.176470588,3.496710526,3.488505747,3.717647059,3.971428571,47.0,152.0,7.0,701,3.595744681,3.868421053,3.857142857,3.486447932,53.0,691,78.0,85.0,3.396226415,3.513748191,3.653846154,3.941176471,237.0,347.0,323,3.628691983,3.654178674,3.405572755
45460,"Terre Haute, IN",48,3.9375,17.0,,21.0,6.0,4.0,,3.823529412,,3.857142857,4.0,4.75,,,6.0,,42,,4.0,,3.928571429,5.0,41,2.0,,4.2,3.951219512,3.0,,11.0,21.0,16,3.727272727,4.285714286,3.625
45500,"Texarkana, TX-AR",28,3.428571429,10.0,,7.0,9.0,1.0,1.0,3.4,,3.0,3.888888889,3.0,3.0,1.0,4.0,,23,3.0,3.25,,3.47826087,2.0,20,4.0,2.0,4.5,3.25,3.25,4.5,5.0,9.0,14,3.8,3.444444444,3.285714286
45540,"The Villages, FL",9,3.444444444,4.0,,3.0,1.0,1.0,,2.75,,3.666666667,5.0,4.0,,,,,9,,,,3.444444444,,8,1.0,,,3.375,4.0,,,4.0,5,,3.25,3.6
45780,"Toledo, OH",179,3.491620112,54.0,12.0,65.0,30.0,12.0,6.0,3.611111111,4.25,3.276923077,3.466666667,3.25,3.833333333,6.0,17.0,,156,3.0,3.647058824,,3.493589744,8.0,147,17.0,7.0,3.625,3.428571429,3.647058824,4.285714286,26.0,58.0,95,3.461538462,3.517241379,3.484210526
45820,"Topeka, KS",38,4.0,19.0,,9.0,6.0,3.0,1.0,3.947368421,,3.666666667,4.5,4.333333333,4.0,2.0,3.0,,33,4.0,2.333333333,,4.151515152,4.0,27,4.0,3.0,3.25,4.222222222,3.75,3.333333333,9.0,18.0,11,3.555555556,4.055555556,4.272727273
45940,"Trenton-Princeton, NJ",46,3.195652174,16.0,3.0,15.0,4.0,5.0,3.0,3.0,4.333333333,3.0,2.5,3.6,4.333333333,4.0,7.0,1.0,34,3.75,3.285714286,3.0,3.117647059,1.0,35,8.0,2.0,4.0,3.142857143,3.0,4.5,8.0,21.0,17,3.875,3.19047619,2.882352941
46060,"Tucson, AZ",276,3.648550725,90.0,16.0,95.0,43.0,20.0,12.0,3.855555556,3.0,3.610526316,3.209302326,4.05,4.166666667,13.0,50.0,,213,3.615384615,4.04,,3.558685446,20.0,209,25.0,22.0,3.6,3.588516746,3.56,4.363636364,66.0,100.0,110,3.787878788,3.74,3.481818182
46140,"Tulsa, OK",238,3.5,76.0,6.0,85.0,42.0,20.0,9.0,3.5,3.166666667,3.470588235,3.476190476,3.65,3.777777778,6.0,18.0,,214,3.5,3.833333333,,3.471962617,9.0,188,31.0,10.0,3.222222222,3.462765957,3.580645161,4.2,28.0,81.0,129,3.392857143,3.617283951,3.449612403
46220,"Tuscaloosa, AL",80,3.7625,31.0,4.0,18.0,14.0,11.0,2.0,4.096774194,4.5,3.444444444,3.285714286,3.727272727,3.5,10.0,5.0,,65,4.0,4.2,,3.692307692,8.0,56,9.0,7.0,4.5,3.517857143,4.0,4.571428571,20.0,24.0,36,4.4,3.541666667,3.555555556
46340,"Tyler, TX",57,3.50877193,24.0,2.0,19.0,7.0,3.0,2.0,3.416666667,3.0,3.684210526,2.857142857,4.0,5.0,4.0,5.0,,48,2.25,3.2,,3.645833333,5.0,43,3.0,6.0,3.8,3.441860465,3.666666667,3.666666667,18.0,19.0,20,3.888888889,3.052631579,3.6
46520,"Urban Honolulu, HI",46,3.717391304,21.0,1.0,15.0,6.0,3.0,,3.761904762,5.0,3.6,3.5,4.0,,,10.0,,36,,4.3,,3.555555556,1.0,43,1.0,1.0,5.0,3.674418605,5.0,3.0,8.0,20.0,18,3.625,3.9,3.555555556
46540,"Utica-Rome, NY",29,3.620689655,7.0,2.0,13.0,6.0,1.0,,3.857142857,2.5,3.384615385,4.0,5.0,,2.0,2.0,,25,4.5,2.5,,3.64,1.0,24,2.0,2.0,5.0,3.625,3.5,3.0,6.0,7.0,16,4.0,3.857142857,3.375
46660,"Valdosta, GA",53,3.660377358,18.0,3.0,16.0,8.0,2.0,6.0,3.722222222,3.0,3.375,3.875,4.5,4.0,6.0,6.0,,41,4.0,3.5,,3.634146341,1.0,40,9.0,3.0,3.0,3.65,3.666666667,4.0,11.0,22.0,20,4.090909091,3.545454545,3.55
46700,"Vallejo, CA",75,3.386666667,30.0,1.0,27.0,7.0,5.0,5.0,2.866666667,4.0,3.740740741,3.857142857,3.6,3.6,2.0,6.0,,67,4.0,3.333333333,,3.373134328,7.0,61,4.0,3.0,3.0,3.344262295,4.0,4.333333333,9.0,30.0,36,3.0,3.4,3.472222222
47020,"Victoria, TX",19,3.631578947,8.0,2.0,4.0,4.0,1.0,,3.375,5.0,3.5,4.25,1.0,,1.0,4.0,,14,5.0,2.75,,3.785714286,2.0,15,2.0,,4.0,3.466666667,4.5,,3.0,12.0,4,4.333333333,3.333333333,4.0
47220,"Vineland-Bridgeton, NJ",17,3.470588235,5.0,1.0,6.0,,4.0,1.0,3.0,3.0,3.333333333,,4.0,5.0,,,,17,,,,3.470588235,1.0,15,1.0,,4.0,3.466666667,3.0,,3.0,2.0,12,3.333333333,4.0,3.416666667
47260,"Virginia Beach-Norfolk-Newport News, VA-NC",656,3.490853659,227.0,23.0,200.0,115.0,58.0,33.0,3.352422907,3.739130435,3.505,3.556521739,3.75862069,3.484848485,45.0,100.0,2.0,509,4.022222222,3.67,3.5,3.408644401,40.0,490,63.0,63.0,3.325,3.465306122,3.412698413,3.873015873,177.0,223.0,256,3.638418079,3.493273543,3.38671875
47300,"Visalia, CA",47,3.808510638,17.0,1.0,17.0,6.0,5.0,1.0,3.882352941,5.0,3.764705882,3.5,4.0,3.0,,1.0,,46,,5.0,,3.782608696,4.0,40,2.0,1.0,3.75,3.775,4.0,5.0,6.0,18.0,23,4.166666667,3.611111111,3.869565217
47380,"Waco, TX",89,3.606741573,37.0,2.0,35.0,12.0,3.0,,3.135135135,5.0,3.742857143,4.25,4.333333333,,3.0,10.0,5.0,71,4.0,3.7,3.6,3.577464789,5.0,75,5.0,4.0,4.0,3.52,4.4,3.75,16.0,39.0,34,3.5,4.025641026,3.176470588
47460,"Walla Walla, WA",7,3.857142857,2.0,1.0,2.0,1.0,1.0,,5.0,3.0,2.5,4.0,5.0,,1.0,,,6,3.0,,,4.0,,7,,,,3.857142857,,,,5.0,2,,3.8,4.0
47580,"Warner Robins, GA",61,3.557377049,18.0,3.0,25.0,9.0,5.0,1.0,3.333333333,4.666666667,3.48,3.888888889,3.6,3.0,2.0,6.0,,53,4.5,3.833333333,,3.490566038,6.0,46,5.0,4.0,4.166666667,3.413043478,3.6,4.25,15.0,30.0,16,3.866666667,3.433333333,3.5
47900,"Washington-Arlington-Alexandria, DC-VA-MD-WV",1808,3.6875,543.0,85.0,540.0,342.0,212.0,86.0,3.570902394,4.058823529,3.65,3.643274854,3.79245283,4.209302326,129.0,565.0,2.0,1112,3.612403101,4.061946903,2.5,3.508093525,65.0,1189,147.0,407.0,3.353846154,3.592094197,3.469387755,4.098280098,618.0,604.0,586,3.909385113,3.67384106,3.467576792
47940,"Waterloo-Cedar Falls, IA",33,3.696969697,6.0,,14.0,9.0,3.0,1.0,3.666666667,,3.571428571,3.888888889,4.0,3.0,4.0,2.0,,27,2.5,4.0,,3.851851852,3.0,26,,4.0,3.0,3.884615385,,3.0,9.0,7.0,17,2.666666667,4.285714286,4.0
48060,"Watertown-Fort Drum, NY",20,3.35,13.0,,4.0,2.0,1.0,,3.384615385,,3.5,4.0,1.0,,,4.0,,16,,2.5,,3.5625,4.0,15,,1.0,2.75,3.4,,5.0,5.0,4.0,11,3.2,3.0,3.545454545
48140,"Wausau-Weston, WI",9,4.0,3.0,,2.0,2.0,1.0,1.0,4.666666667,,4.0,4.5,1.0,4.0,,,,9,,,,4.0,,8,1.0,,,4.0,4.0,,,1.0,8,,5.0,3.875
48260,"Weirton-Steubenville, WV-OH",9,3.222222222,6.0,,2.0,1.0,,,4.0,,2.0,1.0,,,,,,9,,,,3.222222222,,9,,,,3.222222222,,,,5.0,4,,3.0,3.5
48300,"Wenatchee, WA",12,3.416666667,6.0,1.0,2.0,1.0,2.0,,3.333333333,4.0,4.5,3.0,2.5,,,2.0,,10,,5.0,,3.1,,11,,1.0,,3.272727273,,5.0,5.0,1.0,6,3.8,4.0,3.0
48540,"Wheeling, WV-OH",9,3.444444444,4.0,1.0,2.0,2.0,,,3.75,4.0,1.5,4.5,,,1.0,,,8,2.0,,,3.625,,6,,3.0,,3.833333333,,2.666666667,2.0,3.0,4,3.0,3.0,4.0
48660,"Wichita Falls, TX",16,3.75,8.0,,3.0,1.0,3.0,1.0,3.375,,4.0,5.0,3.666666667,5.0,,3.0,,13,,3.0,,3.923076923,,13,2.0,1.0,,3.923076923,2.0,5.0,1.0,9.0,6,5.0,3.888888889,3.333333333
48620,"Wichita, KS",160,3.46875,63.0,5.0,52.0,27.0,7.0,6.0,3.444444444,4.0,3.173076923,3.703703704,3.714285714,4.5,3.0,33.0,,124,4.0,3.666666667,,3.403225806,9.0,129,9.0,13.0,2.888888889,3.449612403,3.888888889,3.769230769,46.0,57.0,57,3.630434783,3.385964912,3.421052632
48700,"Williamsport, PA",13,3.461538462,4.0,,2.0,6.0,,1.0,3.0,,4.0,3.333333333,,5.0,,3.0,,10,,3.666666667,,3.4,1.0,9,1.0,2.0,4.0,3.555555556,1.0,4.0,1.0,8.0,4,5.0,3.125,3.75
48900,"Wilmington, NC",80,3.4625,28.0,3.0,31.0,12.0,5.0,1.0,3.142857143,4.666666667,3.419354839,4.083333333,3.2,4.0,3.0,4.0,,73,4.666666667,3.75,,3.397260274,3.0,66,6.0,5.0,2.666666667,3.46969697,3.666666667,3.6,15.0,24.0,41,3.4,3.291666667,3.585365854
49020,"Winchester, VA-WV",33,3.606060606,14.0,,8.0,6.0,4.0,1.0,3.714285714,,4.25,2.833333333,3.25,3.0,1.0,4.0,,28,4.0,4.0,,3.535714286,1.0,30,2.0,,1.0,3.666666667,4.0,,3.0,15.0,15,3.666666667,3.733333333,3.466666667
49180,"Winston-Salem, NC",156,3.596153846,45.0,8.0,56.0,25.0,16.0,6.0,3.488888889,3.875,3.625,3.4,3.8125,4.0,7.0,9.0,,140,3.285714286,3.777777778,,3.6,8.0,123,13.0,12.0,3.625,3.569105691,3.307692308,4.166666667,29.0,51.0,76,3.793103448,3.647058824,3.486842105
49340,"Worcester, MA-CT",86,3.465116279,32.0,2.0,19.0,21.0,9.0,3.0,3.21875,5.0,2.894736842,3.857142857,4.222222222,3.666666667,4.0,21.0,,61,2.75,3.761904762,,3.409836066,8.0,67,6.0,5.0,3.5,3.343283582,3.666666667,4.8,18.0,34.0,34,3.722222222,3.764705882,3.029411765
49420,"Yakima, WA",26,3.653846154,7.0,,12.0,1.0,5.0,1.0,3.142857143,,4.0,4.0,3.8,2.0,2.0,,,24,5.0,,,3.541666667,3.0,20,1.0,2.0,4.333333333,3.4,5.0,4.5,7.0,5.0,14,4.428571429,3.2,3.428571429
49620,"York-Hanover, PA",65,3.323076923,23.0,1.0,17.0,17.0,6.0,1.0,3.086956522,3.0,3.058823529,3.764705882,3.833333333,3.0,1.0,3.0,,61,3.0,4.0,,3.295081967,6.0,55,4.0,,3.5,3.309090909,3.25,,11.0,25.0,29,4.0,2.92,3.413793103
49660,"Youngstown-Warren-Boardman, OH-PA",66,3.515151515,20.0,4.0,22.0,11.0,6.0,3.0,3.45,2.75,3.772727273,3.272727273,3.5,4.0,2.0,5.0,,59,4.5,4.0,,3.440677966,3.0,56,3.0,4.0,3.333333333,3.482142857,3.0,4.5,11.0,21.0,34,4.090909091,3.476190476,3.352941176
49700,"Yuba City, CA",20,3.75,10.0,,6.0,4.0,,,3.7,,4.0,3.5,,,,3.0,,17,,4.333333333,,3.647058824,2.0,18,,,4.5,3.666666667,,,6.0,9.0,5,3.833333333,4.0,3.2
49740,"Yuma, AZ",27,3.555555556,7.0,,10.0,6.0,3.0,1.0,4.0,,3.7,3.166666667,3.0,3.0,1.0,5.0,,21,4.0,4.0,,3.428571429,2.0,19,5.0,1.0,4.5,3.578947368,3.0,4.0,5.0,10.0,12,4.0,3.4,3.5
